-- phpMyAdmin SQL Dump
-- version 4.5.1
-- http://www.phpmyadmin.net
--
-- Host: 127.0.0.1
-- Generation Time: Aug 26, 2018 at 07:51 PM
-- Server version: 10.1.19-MariaDB
-- PHP Version: 5.6.28

SET SQL_MODE = "NO_AUTO_VALUE_ON_ZERO";
SET time_zone = "+00:00";


/*!40101 SET @OLD_CHARACTER_SET_CLIENT=@@CHARACTER_SET_CLIENT */;
/*!40101 SET @OLD_CHARACTER_SET_RESULTS=@@CHARACTER_SET_RESULTS */;
/*!40101 SET @OLD_COLLATION_CONNECTION=@@COLLATION_CONNECTION */;
/*!40101 SET NAMES utf8mb4 */;

--
-- Database: `meatritedb`
--

-- --------------------------------------------------------

--
-- Table structure for table `account_emailaddress`
--

DROP TABLE IF EXISTS `account_emailaddress`;
CREATE TABLE `account_emailaddress` (
  `id` int(11) NOT NULL,
  `email` varchar(254) NOT NULL,
  `verified` tinyint(1) NOT NULL,
  `primary` tinyint(1) NOT NULL,
  `user_id` int(11) NOT NULL
) ENGINE=InnoDB DEFAULT CHARSET=utf8;

--
-- Dumping data for table `account_emailaddress`
--

INSERT INTO `account_emailaddress` (`id`, `email`, `verified`, `primary`, `user_id`) VALUES
(6, 'a@a.com', 0, 1, 15);

-- --------------------------------------------------------

--
-- Table structure for table `account_emailconfirmation`
--

DROP TABLE IF EXISTS `account_emailconfirmation`;
CREATE TABLE `account_emailconfirmation` (
  `id` int(11) NOT NULL,
  `created` datetime(6) NOT NULL,
  `sent` datetime(6) DEFAULT NULL,
  `key` varchar(64) NOT NULL,
  `email_address_id` int(11) NOT NULL
) ENGINE=InnoDB DEFAULT CHARSET=utf8;

-- --------------------------------------------------------

--
-- Table structure for table `authtoken_token`
--

DROP TABLE IF EXISTS `authtoken_token`;
CREATE TABLE `authtoken_token` (
  `key` varchar(40) NOT NULL,
  `created` datetime(6) NOT NULL,
  `user_id` int(11) NOT NULL
) ENGINE=InnoDB DEFAULT CHARSET=utf8;

-- --------------------------------------------------------

--
-- Table structure for table `auth_group`
--

DROP TABLE IF EXISTS `auth_group`;
CREATE TABLE `auth_group` (
  `id` int(11) NOT NULL,
  `name` varchar(80) NOT NULL
) ENGINE=InnoDB DEFAULT CHARSET=utf8;

--
-- Dumping data for table `auth_group`
--

INSERT INTO `auth_group` (`id`, `name`) VALUES
(1, 'admin'),
(7, 'factory-supervisor'),
(2, 'floor-supervisor'),
(3, 'Lshape-leader'),
(4, 'Lshape-supervisor'),
(5, 'shift-supervisor'),
(6, 'store-supervisor');

-- --------------------------------------------------------

--
-- Table structure for table `auth_group_permissions`
--

DROP TABLE IF EXISTS `auth_group_permissions`;
CREATE TABLE `auth_group_permissions` (
  `id` int(11) NOT NULL,
  `group_id` int(11) NOT NULL,
  `permission_id` int(11) NOT NULL
) ENGINE=InnoDB DEFAULT CHARSET=utf8;

--
-- Dumping data for table `auth_group_permissions`
--

INSERT INTO `auth_group_permissions` (`id`, `group_id`, `permission_id`) VALUES
(1, 1, 1),
(2, 1, 2),
(3, 1, 3),
(4, 1, 4),
(5, 1, 5),
(6, 1, 6),
(7, 1, 7),
(8, 1, 8),
(9, 1, 9),
(10, 1, 10),
(11, 1, 11),
(12, 1, 12),
(13, 1, 13),
(14, 1, 14),
(15, 1, 15),
(16, 1, 16),
(17, 1, 17),
(18, 1, 18),
(19, 2, 34),
(20, 2, 58);

-- --------------------------------------------------------

--
-- Table structure for table `auth_permission`
--

DROP TABLE IF EXISTS `auth_permission`;
CREATE TABLE `auth_permission` (
  `id` int(11) NOT NULL,
  `name` varchar(255) NOT NULL,
  `content_type_id` int(11) NOT NULL,
  `codename` varchar(100) NOT NULL
) ENGINE=InnoDB DEFAULT CHARSET=utf8;

--
-- Dumping data for table `auth_permission`
--

INSERT INTO `auth_permission` (`id`, `name`, `content_type_id`, `codename`) VALUES
(1, 'Can add log entry', 1, 'add_logentry'),
(2, 'Can change log entry', 1, 'change_logentry'),
(3, 'Can delete log entry', 1, 'delete_logentry'),
(4, 'Can add permission', 2, 'add_permission'),
(5, 'Can change permission', 2, 'change_permission'),
(6, 'Can delete permission', 2, 'delete_permission'),
(7, 'Can add group', 3, 'add_group'),
(8, 'Can change group', 3, 'change_group'),
(9, 'Can delete group', 3, 'delete_group'),
(10, 'Can add user', 4, 'add_user'),
(11, 'Can change user', 4, 'change_user'),
(12, 'Can delete user', 4, 'delete_user'),
(13, 'Can add content type', 5, 'add_contenttype'),
(14, 'Can change content type', 5, 'change_contenttype'),
(15, 'Can delete content type', 5, 'delete_contenttype'),
(16, 'Can add session', 6, 'add_session'),
(17, 'Can change session', 6, 'change_session'),
(18, 'Can delete session', 6, 'delete_session'),
(19, 'Can add Token', 7, 'add_token'),
(20, 'Can change Token', 7, 'change_token'),
(21, 'Can delete Token', 7, 'delete_token'),
(22, 'Can add site', 8, 'add_site'),
(23, 'Can change site', 8, 'change_site'),
(24, 'Can delete site', 8, 'delete_site'),
(25, 'Can add social application', 9, 'add_socialapp'),
(26, 'Can change social application', 9, 'change_socialapp'),
(27, 'Can delete social application', 9, 'delete_socialapp'),
(28, 'Can add social account', 10, 'add_socialaccount'),
(29, 'Can change social account', 10, 'change_socialaccount'),
(30, 'Can delete social account', 10, 'delete_socialaccount'),
(31, 'Can add social application token', 11, 'add_socialtoken'),
(32, 'Can change social application token', 11, 'change_socialtoken'),
(33, 'Can delete social application token', 11, 'delete_socialtoken'),
(34, 'Can add email address', 12, 'add_emailaddress'),
(35, 'Can change email address', 12, 'change_emailaddress'),
(36, 'Can delete email address', 12, 'delete_emailaddress'),
(37, 'Can add email confirmation', 13, 'add_emailconfirmation'),
(38, 'Can change email confirmation', 13, 'change_emailconfirmation'),
(39, 'Can delete email confirmation', 13, 'delete_emailconfirmation'),
(40, 'Can add tbl productlist', 14, 'add_tblproductlist'),
(41, 'Can change tbl productlist', 14, 'change_tblproductlist'),
(42, 'Can delete tbl productlist', 14, 'delete_tblproductlist'),
(43, 'Can add api bucketlist', 15, 'add_apibucketlist'),
(44, 'Can change api bucketlist', 15, 'change_apibucketlist'),
(45, 'Can delete api bucketlist', 15, 'delete_apibucketlist'),
(46, 'Can add api bucketlist', 16, 'add_apibucketlist'),
(47, 'Can change api bucketlist', 16, 'change_apibucketlist'),
(48, 'Can delete api bucketlist', 16, 'delete_apibucketlist'),
(49, 'Can add api bucketlist', 17, 'add_apibucketlist'),
(50, 'Can change api bucketlist', 17, 'change_apibucketlist'),
(51, 'Can delete api bucketlist', 17, 'delete_apibucketlist'),
(52, 'Can add tbl productlist', 18, 'add_tblproductlist'),
(53, 'Can change tbl productlist', 18, 'change_tblproductlist'),
(54, 'Can delete tbl productlist', 18, 'delete_tblproductlist'),
(55, 'Can add batchgroups', 19, 'add_batchgroups'),
(56, 'Can change batchgroups', 19, 'change_batchgroups'),
(57, 'Can delete batchgroups', 19, 'delete_batchgroups'),
(58, 'Can add productlist', 20, 'add_productlist'),
(59, 'Can change productlist', 20, 'change_productlist'),
(60, 'Can delete productlist', 20, 'delete_productlist'),
(61, 'Can add packaging', 21, 'add_packaging'),
(62, 'Can change packaging', 21, 'change_packaging'),
(63, 'Can delete packaging', 21, 'delete_packaging'),
(64, 'Can add tbl deliveryroutes', 22, 'add_tbldeliveryroutes'),
(65, 'Can change tbl deliveryroutes', 22, 'change_tbldeliveryroutes'),
(66, 'Can delete tbl deliveryroutes', 22, 'delete_tbldeliveryroutes'),
(67, 'Can add product brands', 23, 'add_productbrands'),
(68, 'Can change product brands', 23, 'change_productbrands'),
(69, 'Can delete product brands', 23, 'delete_productbrands'),
(70, 'Can add stock taking times', 24, 'add_stocktakingtimes'),
(71, 'Can change stock taking times', 24, 'change_stocktakingtimes'),
(72, 'Can delete stock taking times', 24, 'delete_stocktakingtimes'),
(73, 'Can add processed stock amounts', 25, 'add_processedstockamounts'),
(74, 'Can change processed stock amounts', 25, 'change_processedstockamounts'),
(75, 'Can delete processed stock amounts', 25, 'delete_processedstockamounts'),
(76, 'Can add productgroupnames', 26, 'add_productgroupnames'),
(77, 'Can change productgroupnames', 26, 'change_productgroupnames'),
(78, 'Can delete productgroupnames', 26, 'delete_productgroupnames'),
(79, 'Can add productgroups', 27, 'add_productgroups'),
(80, 'Can change productgroups', 27, 'change_productgroups'),
(81, 'Can delete productgroups', 27, 'delete_productgroups'),
(82, 'Can add productcontainers', 28, 'add_productcontainers'),
(83, 'Can change productcontainers', 28, 'change_productcontainers'),
(84, 'Can delete productcontainers', 28, 'delete_productcontainers'),
(85, 'Can add productcontainernames', 29, 'add_productcontainernames'),
(86, 'Can change productcontainernames', 29, 'change_productcontainernames'),
(87, 'Can delete productcontainernames', 29, 'delete_productcontainernames'),
(88, 'Can add pros stock', 30, 'add_prosstock'),
(89, 'Can change pros stock', 30, 'change_prosstock'),
(90, 'Can delete pros stock', 30, 'delete_prosstock');

-- --------------------------------------------------------

--
-- Table structure for table `auth_user`
--

DROP TABLE IF EXISTS `auth_user`;
CREATE TABLE `auth_user` (
  `id` int(11) NOT NULL,
  `password` varchar(128) NOT NULL,
  `last_login` datetime(6) DEFAULT NULL,
  `is_superuser` tinyint(1) NOT NULL,
  `username` varchar(150) NOT NULL,
  `first_name` varchar(30) NOT NULL,
  `last_name` varchar(150) NOT NULL,
  `email` varchar(254) NOT NULL,
  `is_staff` tinyint(1) NOT NULL,
  `is_active` tinyint(1) NOT NULL,
  `date_joined` datetime(6) NOT NULL
) ENGINE=InnoDB DEFAULT CHARSET=utf8;

--
-- Dumping data for table `auth_user`
--

INSERT INTO `auth_user` (`id`, `password`, `last_login`, `is_superuser`, `username`, `first_name`, `last_name`, `email`, `is_staff`, `is_active`, `date_joined`) VALUES
(1, 'pbkdf2_sha256$100000$eYovGpnyLlJ3$kkjOx/tSboQxVUxDLeOfXa+2xXFy8Ls56dn8/oIT5sk=', '2018-08-25 07:13:45.647752', 1, 'gray', '', '', 'gray@gray.com', 1, 1, '2018-05-28 13:36:18.000000'),
(15, 'pbkdf2_sha256$100000$PosQzy1jdDCv$lQKpFQyBSo8yD6QVWN2BRsA1YBPwjZiCmo5xB0nv8JE=', '2018-08-26 17:14:17.315619', 0, 'a', 'Appel', 'Appelson', 'a@a.com', 0, 1, '2018-06-01 05:55:44.000000'),
(20, 'pbkdf2_sha256$100000$Kl65o1ER2U81$yTu9vFOgai/7x52z6tEuVvViOLmZvSqS/rjn0Awb0LU=', '2018-06-22 10:15:58.716258', 0, 'elsie', '', '', '', 0, 1, '2018-06-20 14:35:32.000000'),
(21, 'pbkdf2_sha256$100000$Z6PDNHDegfv4$W5jbVEB9s2zUp0abDbvJWkj21VqYzdzPbWvlsOKRAt4=', '2018-07-18 06:07:36.102004', 0, 'wynand', '', '', '', 0, 1, '2018-06-20 14:37:13.000000'),
(22, 'pbkdf2_sha256$100000$z9cwjXBHFEIX$qZWYHpOIP944QpdazTVnce8lzJ0upn7ax9ebBkfLCy8=', '2018-06-22 10:17:10.638786', 0, 'dolf', '', '', '', 0, 1, '2018-06-20 14:38:11.000000'),
(23, 'pbkdf2_sha256$100000$5PGWATIschFL$bF1xu/CJ6b32LMtIRBO5035Sb2ugvUX2cVVvW3VeyB8=', '2018-08-25 02:27:48.685728', 0, 'm', '', '', '', 0, 1, '2018-08-06 08:14:44.000000'),
(24, 'pbkdf2_sha256$100000$oXQq7id5QvtL$t6v+8XdEZi6r+xldFBMNzJ9nLc5b85/eMF86/cT4WJI=', '2018-08-24 13:26:04.739903', 0, 's', '', '', '', 0, 1, '2018-08-23 12:24:55.000000');

-- --------------------------------------------------------

--
-- Table structure for table `auth_user_groups`
--

DROP TABLE IF EXISTS `auth_user_groups`;
CREATE TABLE `auth_user_groups` (
  `id` int(11) NOT NULL,
  `user_id` int(11) NOT NULL,
  `group_id` int(11) NOT NULL
) ENGINE=InnoDB DEFAULT CHARSET=utf8;

--
-- Dumping data for table `auth_user_groups`
--

INSERT INTO `auth_user_groups` (`id`, `user_id`, `group_id`) VALUES
(13, 1, 1),
(1, 15, 2),
(2, 15, 3),
(7, 20, 3),
(8, 21, 5),
(9, 22, 7),
(10, 23, 2),
(11, 23, 3),
(12, 24, 5);

-- --------------------------------------------------------

--
-- Table structure for table `auth_user_user_permissions`
--

DROP TABLE IF EXISTS `auth_user_user_permissions`;
CREATE TABLE `auth_user_user_permissions` (
  `id` int(11) NOT NULL,
  `user_id` int(11) NOT NULL,
  `permission_id` int(11) NOT NULL
) ENGINE=InnoDB DEFAULT CHARSET=utf8;

-- --------------------------------------------------------

--
-- Table structure for table `django_admin_log`
--

DROP TABLE IF EXISTS `django_admin_log`;
CREATE TABLE `django_admin_log` (
  `id` int(11) NOT NULL,
  `action_time` datetime(6) NOT NULL,
  `object_id` longtext,
  `object_repr` varchar(200) NOT NULL,
  `action_flag` smallint(5) UNSIGNED NOT NULL,
  `change_message` longtext NOT NULL,
  `content_type_id` int(11) DEFAULT NULL,
  `user_id` int(11) NOT NULL
) ENGINE=InnoDB DEFAULT CHARSET=utf8;

--
-- Dumping data for table `django_admin_log`
--

INSERT INTO `django_admin_log` (`id`, `action_time`, `object_id`, `object_repr`, `action_flag`, `change_message`, `content_type_id`, `user_id`) VALUES
(1, '2018-05-29 05:13:11.906808', '2', 'test1', 1, '[{"added": {}}]', 4, 1),
(2, '2018-05-29 05:14:19.408172', '1', 'admin', 1, '[{"added": {}}]', 3, 1),
(3, '2018-05-29 05:15:49.957186', '3', 'test2', 1, '[{"added": {}}]', 4, 1),
(4, '2018-05-30 07:00:40.786033', '4', 'test3', 1, '[{"added": {}}]', 4, 1),
(5, '2018-05-30 07:08:25.740518', '5', 'test4', 1, '[{"added": {}}]', 4, 1),
(6, '2018-06-07 14:54:03.973355', '2', 'floor-supervisor', 1, '[{"added": {}}]', 3, 1),
(7, '2018-06-07 14:57:54.090205', '3', 'Lshape-leader', 1, '[{"added": {}}]', 3, 1),
(8, '2018-06-07 15:00:42.906035', '15', 'a', 2, '[{"changed": {"fields": ["first_name", "last_name", "groups"]}}]', 4, 1),
(9, '2018-06-20 12:18:08.552160', '16', '1', 1, '[{"added": {}}]', 4, 1),
(10, '2018-06-20 12:19:41.541021', '4', 'Lshape-supervisor', 1, '[{"added": {}}]', 3, 1),
(11, '2018-06-20 12:20:49.247365', '5', 'shift-supervisor', 1, '[{"added": {}}]', 3, 1),
(12, '2018-06-20 12:21:41.288856', '6', 'store-supervisor', 1, '[{"added": {}}]', 3, 1),
(13, '2018-06-20 12:29:08.889549', '16', '1', 2, '[{"changed": {"fields": ["groups"]}}]', 4, 1),
(14, '2018-06-20 12:29:26.432331', '17', '2', 1, '[{"added": {}}]', 4, 1),
(15, '2018-06-20 12:30:00.344104', '17', '2', 2, '[{"changed": {"fields": ["groups"]}}]', 4, 1),
(16, '2018-06-20 12:32:15.108004', '7', 'factory-supervisor', 1, '[{"added": {}}]', 3, 1),
(17, '2018-06-20 13:05:53.036828', '18', '2', 1, '[{"added": {}}]', 4, 1),
(18, '2018-06-20 13:06:17.852503', '18', '2', 2, '[{"changed": {"fields": ["groups"]}}]', 4, 1),
(19, '2018-06-20 13:18:25.765540', '19', '3', 1, '[{"added": {}}]', 4, 1),
(20, '2018-06-20 13:18:36.553924', '19', '3', 2, '[{"changed": {"fields": ["groups"]}}]', 4, 1),
(21, '2018-06-20 14:35:32.782632', '20', 'Elsie', 1, '[{"added": {}}]', 4, 1),
(22, '2018-06-20 14:35:58.079988', '20', 'Elsie', 2, '[{"changed": {"fields": ["groups"]}}]', 4, 1),
(23, '2018-06-20 14:37:13.884045', '21', 'wynand', 1, '[{"added": {}}]', 4, 1),
(24, '2018-06-20 14:37:28.043962', '21', 'wynand', 2, '[{"changed": {"fields": ["groups"]}}]', 4, 1),
(25, '2018-06-20 14:38:11.897457', '22', 'dolf', 1, '[{"added": {}}]', 4, 1),
(26, '2018-06-20 14:38:19.861202', '22', 'dolf', 2, '[{"changed": {"fields": ["groups"]}}]', 4, 1),
(27, '2018-07-20 13:05:39.617099', '10', 'ER1 Crate', 1, '[{"added": {}}]', 28, 1),
(28, '2018-07-20 13:18:29.962818', '2', 'FP3 Box', 1, '[{"added": {}}]', 30, 1),
(29, '2018-07-20 13:18:40.638994', '2', 'FP3 Box', 3, '', 30, 1),
(30, '2018-07-20 13:18:51.484643', '3', 'FP3 Box', 1, '[{"added": {}}]', 30, 1),
(31, '2018-08-06 08:14:44.624462', '23', 'm', 1, '[{"added": {}}]', 4, 1),
(32, '2018-08-06 08:16:05.170366', '23', 'm', 2, '[{"changed": {"fields": ["groups"]}}]', 4, 1),
(33, '2018-08-23 12:24:55.531006', '24', 's', 1, '[{"added": {}}]', 4, 1),
(34, '2018-08-23 12:25:12.412869', '24', 's', 2, '[{"changed": {"fields": ["groups"]}}]', 4, 1),
(35, '2018-08-24 13:58:45.419750', '1', 'gray', 2, '[{"changed": {"fields": ["groups"]}}]', 4, 1);

-- --------------------------------------------------------

--
-- Table structure for table `django_content_type`
--

DROP TABLE IF EXISTS `django_content_type`;
CREATE TABLE `django_content_type` (
  `id` int(11) NOT NULL,
  `app_label` varchar(100) NOT NULL,
  `model` varchar(100) NOT NULL
) ENGINE=InnoDB DEFAULT CHARSET=utf8;

--
-- Dumping data for table `django_content_type`
--

INSERT INTO `django_content_type` (`id`, `app_label`, `model`) VALUES
(12, 'account', 'emailaddress'),
(13, 'account', 'emailconfirmation'),
(1, 'admin', 'logentry'),
(10, 'allauth', 'socialaccount'),
(9, 'allauth', 'socialapp'),
(11, 'allauth', 'socialtoken'),
(15, 'api', 'apibucketlist'),
(14, 'api', 'tblproductlist'),
(3, 'auth', 'group'),
(2, 'auth', 'permission'),
(4, 'auth', 'user'),
(7, 'authtoken', 'token'),
(5, 'contenttypes', 'contenttype'),
(19, 'mrDatabaseModels', 'batchgroups'),
(21, 'mrDatabaseModels', 'packaging'),
(25, 'mrDatabaseModels', 'processedstockamounts'),
(23, 'mrDatabaseModels', 'productbrands'),
(29, 'mrDatabaseModels', 'productcontainernames'),
(28, 'mrDatabaseModels', 'productcontainers'),
(26, 'mrDatabaseModels', 'productgroupnames'),
(27, 'mrDatabaseModels', 'productgroups'),
(20, 'mrDatabaseModels', 'productlist'),
(30, 'mrDatabaseModels', 'prosstock'),
(24, 'mrDatabaseModels', 'stocktakingtimes'),
(22, 'mrDatabaseModels', 'tbldeliveryroutes'),
(16, 'mrdb', 'apibucketlist'),
(17, 'myapp', 'apibucketlist'),
(18, 'myapp', 'tblproductlist'),
(6, 'sessions', 'session'),
(8, 'sites', 'site');

-- --------------------------------------------------------

--
-- Table structure for table `django_migrations`
--

DROP TABLE IF EXISTS `django_migrations`;
CREATE TABLE `django_migrations` (
  `id` int(11) NOT NULL,
  `app` varchar(255) NOT NULL,
  `name` varchar(255) NOT NULL,
  `applied` datetime(6) NOT NULL
) ENGINE=InnoDB DEFAULT CHARSET=utf8;

--
-- Dumping data for table `django_migrations`
--

INSERT INTO `django_migrations` (`id`, `app`, `name`, `applied`) VALUES
(1, 'contenttypes', '0001_initial', '2018-05-28 13:31:43.541707'),
(2, 'auth', '0001_initial', '2018-05-28 13:31:53.125275'),
(3, 'admin', '0001_initial', '2018-05-28 13:31:55.392092'),
(4, 'admin', '0002_logentry_remove_auto_add', '2018-05-28 13:31:55.454578'),
(5, 'contenttypes', '0002_remove_content_type_name', '2018-05-28 13:31:56.439475'),
(6, 'auth', '0002_alter_permission_name_max_length', '2018-05-28 13:31:57.447118'),
(7, 'auth', '0003_alter_user_email_max_length', '2018-05-28 13:31:58.649722'),
(8, 'auth', '0004_alter_user_username_opts', '2018-05-28 13:31:58.730536'),
(9, 'auth', '0005_alter_user_last_login_null', '2018-05-28 13:31:59.385227'),
(10, 'auth', '0006_require_contenttypes_0002', '2018-05-28 13:31:59.526860'),
(11, 'auth', '0007_alter_validators_add_error_messages', '2018-05-28 13:31:59.695353'),
(12, 'auth', '0008_alter_user_username_max_length', '2018-05-28 13:32:01.701848'),
(13, 'auth', '0009_alter_user_last_name_max_length', '2018-05-28 13:32:02.838465'),
(14, 'sessions', '0001_initial', '2018-05-28 13:32:03.340740'),
(15, 'authtoken', '0001_initial', '2018-05-30 09:25:06.009344'),
(16, 'authtoken', '0002_auto_20160226_1747', '2018-05-30 09:25:07.263585'),
(17, 'account', '0001_initial', '2018-05-31 06:39:44.657195'),
(18, 'account', '0002_email_max_length', '2018-05-31 06:39:45.563822'),
(19, 'sites', '0001_initial', '2018-05-31 06:39:45.773021'),
(20, 'sites', '0002_alter_domain_unique', '2018-05-31 06:39:46.191776'),
(21, 'api', '0001_initial', '2018-05-31 10:56:14.839184'),
(22, 'api', '0002_apibucketlist', '2018-05-31 12:22:04.502298'),
(23, 'mrdb', '0001_initial', '2018-05-31 13:13:35.938807'),
(24, 'api', '0002_auto_20180531_1601', '2018-05-31 14:01:13.391112'),
(25, 'api', '0003_auto_20180531_1603', '2018-05-31 14:03:25.075015'),
(26, 'myapp', '0001_initial', '2018-05-31 14:09:15.182075'),
(27, 'api', '0004_auto_20180601_1116', '2018-06-01 09:16:25.906219'),
(28, 'mrDatabaseModels', '0001_initial', '2018-06-01 09:22:22.173720'),
(29, 'mrDatabaseModels', '0002_packaging', '2018-06-05 12:46:38.033795'),
(30, 'mrDatabaseModels', '0002_packaging_tbldeliveryroutes', '2018-06-05 12:53:35.709614'),
(31, 'mrDatabaseModels', '0003_remove_productlist_packaging', '2018-06-05 13:06:09.308917'),
(32, 'mrDatabaseModels', '0004_productlist_packaging', '2018-06-05 13:06:57.878905'),
(33, 'mrDatabaseModels', '0005_productbrands', '2018-06-05 14:12:31.522355'),
(34, 'mrDatabaseModels', '0006_productlist_brand', '2018-06-05 14:16:16.468927'),
(35, 'mrDatabaseModels', '0007_stocktakingtimes', '2018-07-02 08:30:10.324744'),
(36, 'mrDatabaseModels', '0008_delete_stocktakingtimes', '2018-07-02 08:36:47.071227'),
(37, 'mrDatabaseModels', '0009_stocktakingtimes', '2018-07-02 08:38:03.827910'),
(38, 'mrDatabaseModels', '0010_processedstockamounts', '2018-07-02 09:15:08.997564'),
(39, 'mrDatabaseModels', '0011_auto_20180702_1114', '2018-07-02 09:15:11.190220'),
(40, 'mrDatabaseModels', '0012_auto_20180703_0826', '2018-07-03 06:26:56.072114'),
(41, 'mrDatabaseModels', '0013_auto_20180706_1043', '2018-07-06 08:43:30.352689'),
(42, 'mrDatabaseModels', '0014_auto_20180709_0942', '2018-07-09 07:43:09.414182'),
(43, 'mrDatabaseModels', '0015_auto_20180709_1002', '2018-07-09 08:02:53.864270'),
(44, 'mrDatabaseModels', '0016_auto_20180709_1202', '2018-07-09 10:02:56.137654'),
(45, 'mrDatabaseModels', '0017_auto_20180719_0912', '2018-07-19 07:12:46.530577'),
(46, 'mrDatabaseModels', '0018_auto_20180720_1130', '2018-07-20 09:30:50.658270'),
(47, 'mrDatabaseModels', '0019_auto_20180720_1214', '2018-07-20 10:14:25.383492'),
(48, 'mrDatabaseModels', '0020_auto_20180720_1229', '2018-07-20 10:29:14.123482'),
(49, 'mrDatabaseModels', '0021_prosstock', '2018-07-20 13:16:11.071450'),
(50, 'mrDatabaseModels', '0022_auto_20180720_1522', '2018-07-20 13:22:44.530741'),
(51, 'mrDatabaseModels', '0023_auto_20180723_1417', '2018-07-23 12:18:00.279814'),
(52, 'mrDatabaseModels', '0024_productlist_stocktakegroup', '2018-08-02 10:57:25.004297'),
(53, 'mrDatabaseModels', '0025_productcontainers_deletecontaineramount', '2018-08-23 06:09:54.141317');

-- --------------------------------------------------------

--
-- Table structure for table `django_session`
--

DROP TABLE IF EXISTS `django_session`;
CREATE TABLE `django_session` (
  `session_key` varchar(40) NOT NULL,
  `session_data` longtext NOT NULL,
  `expire_date` datetime(6) NOT NULL
) ENGINE=InnoDB DEFAULT CHARSET=utf8;

--
-- Dumping data for table `django_session`
--

INSERT INTO `django_session` (`session_key`, `session_data`, `expire_date`) VALUES
('00krgberig52hi2xb9yq9i0m608e799b', 'OTZhMDIwZDFmMWY3Yjc3ZGJjOGU5YzhkZTA3ODI2NjZiMjk1MjYxMzp7Il9hdXRoX3VzZXJfaWQiOiIyMyIsIl9hdXRoX3VzZXJfYmFja2VuZCI6ImRqYW5nby5jb250cmliLmF1dGguYmFja2VuZHMuTW9kZWxCYWNrZW5kIiwiX2F1dGhfdXNlcl9oYXNoIjoiZTZjYTgzNGViNGExNGQ2MDJlMzIyOGYxMTE5YzliMWU0MmQyYTRhMyJ9', '2018-09-01 02:51:36.710457'),
('07uk4nk290p7uhsaczs51f8bb3fg1gbs', 'ZDJmNDE0MTFhMGNlNzEzMjYzMzZkZjAwOGQxMGI4MDAzYTRjYzg1YTp7Il9hdXRoX3VzZXJfaWQiOiIxNSIsIl9hdXRoX3VzZXJfYmFja2VuZCI6ImRqYW5nby5jb250cmliLmF1dGguYmFja2VuZHMuTW9kZWxCYWNrZW5kIiwiX2F1dGhfdXNlcl9oYXNoIjoiNzkxYjk4MGIwN2M0M2FhZGNiMDk2ZjhhYjZlZjczMTY2OTgwOTZhYiJ9', '2018-08-28 15:16:05.328112'),
('09wz22gm9ccm7xjjp23xu49ri6jdtcr3', 'OTZhMDIwZDFmMWY3Yjc3ZGJjOGU5YzhkZTA3ODI2NjZiMjk1MjYxMzp7Il9hdXRoX3VzZXJfaWQiOiIyMyIsIl9hdXRoX3VzZXJfYmFja2VuZCI6ImRqYW5nby5jb250cmliLmF1dGguYmFja2VuZHMuTW9kZWxCYWNrZW5kIiwiX2F1dGhfdXNlcl9oYXNoIjoiZTZjYTgzNGViNGExNGQ2MDJlMzIyOGYxMTE5YzliMWU0MmQyYTRhMyJ9', '2018-08-30 15:02:31.974739'),
('0gvzr0tgur42urtpym8dmd87wy41b1xo', 'OTZhMDIwZDFmMWY3Yjc3ZGJjOGU5YzhkZTA3ODI2NjZiMjk1MjYxMzp7Il9hdXRoX3VzZXJfaWQiOiIyMyIsIl9hdXRoX3VzZXJfYmFja2VuZCI6ImRqYW5nby5jb250cmliLmF1dGguYmFja2VuZHMuTW9kZWxCYWNrZW5kIiwiX2F1dGhfdXNlcl9oYXNoIjoiZTZjYTgzNGViNGExNGQ2MDJlMzIyOGYxMTE5YzliMWU0MmQyYTRhMyJ9', '2018-08-27 02:28:34.546645'),
('0vzx09ggvm7ybv9eu5x6wzzu0bplavsw', 'OTZhMDIwZDFmMWY3Yjc3ZGJjOGU5YzhkZTA3ODI2NjZiMjk1MjYxMzp7Il9hdXRoX3VzZXJfaWQiOiIyMyIsIl9hdXRoX3VzZXJfYmFja2VuZCI6ImRqYW5nby5jb250cmliLmF1dGguYmFja2VuZHMuTW9kZWxCYWNrZW5kIiwiX2F1dGhfdXNlcl9oYXNoIjoiZTZjYTgzNGViNGExNGQ2MDJlMzIyOGYxMTE5YzliMWU0MmQyYTRhMyJ9', '2018-08-31 08:30:38.384557'),
('1ftxioq68feq5qkxw4d9jl9xuzhgxb0q', 'OTZhMDIwZDFmMWY3Yjc3ZGJjOGU5YzhkZTA3ODI2NjZiMjk1MjYxMzp7Il9hdXRoX3VzZXJfaWQiOiIyMyIsIl9hdXRoX3VzZXJfYmFja2VuZCI6ImRqYW5nby5jb250cmliLmF1dGguYmFja2VuZHMuTW9kZWxCYWNrZW5kIiwiX2F1dGhfdXNlcl9oYXNoIjoiZTZjYTgzNGViNGExNGQ2MDJlMzIyOGYxMTE5YzliMWU0MmQyYTRhMyJ9', '2018-09-05 16:22:11.514731'),
('1gh48ux45bnhsewtupf2dt4cy08wd8z8', 'ZDJmNDE0MTFhMGNlNzEzMjYzMzZkZjAwOGQxMGI4MDAzYTRjYzg1YTp7Il9hdXRoX3VzZXJfaWQiOiIxNSIsIl9hdXRoX3VzZXJfYmFja2VuZCI6ImRqYW5nby5jb250cmliLmF1dGguYmFja2VuZHMuTW9kZWxCYWNrZW5kIiwiX2F1dGhfdXNlcl9oYXNoIjoiNzkxYjk4MGIwN2M0M2FhZGNiMDk2ZjhhYjZlZjczMTY2OTgwOTZhYiJ9', '2018-09-06 04:55:16.875397'),
('1hg90kyur9nqdris0sht76ca48ow2rhb', 'OTZhMDIwZDFmMWY3Yjc3ZGJjOGU5YzhkZTA3ODI2NjZiMjk1MjYxMzp7Il9hdXRoX3VzZXJfaWQiOiIyMyIsIl9hdXRoX3VzZXJfYmFja2VuZCI6ImRqYW5nby5jb250cmliLmF1dGguYmFja2VuZHMuTW9kZWxCYWNrZW5kIiwiX2F1dGhfdXNlcl9oYXNoIjoiZTZjYTgzNGViNGExNGQ2MDJlMzIyOGYxMTE5YzliMWU0MmQyYTRhMyJ9', '2018-08-31 19:33:22.265545'),
('1ia7m8rqrnmmveoai8ywdpaqb58599ju', 'OTZhMDIwZDFmMWY3Yjc3ZGJjOGU5YzhkZTA3ODI2NjZiMjk1MjYxMzp7Il9hdXRoX3VzZXJfaWQiOiIyMyIsIl9hdXRoX3VzZXJfYmFja2VuZCI6ImRqYW5nby5jb250cmliLmF1dGguYmFja2VuZHMuTW9kZWxCYWNrZW5kIiwiX2F1dGhfdXNlcl9oYXNoIjoiZTZjYTgzNGViNGExNGQ2MDJlMzIyOGYxMTE5YzliMWU0MmQyYTRhMyJ9', '2018-08-26 20:51:17.199585'),
('1ll26sngtbjxlayydaf959v0id4filj5', 'N2UwOWQwM2I0ZDY3MTZjNjUwMTI1ZjVkZmEzZWNiOGRjZDYyMDg2OTp7Il9hdXRoX3VzZXJfaWQiOiIyNCIsIl9hdXRoX3VzZXJfYmFja2VuZCI6ImRqYW5nby5jb250cmliLmF1dGguYmFja2VuZHMuTW9kZWxCYWNrZW5kIiwiX2F1dGhfdXNlcl9oYXNoIjoiMWVjOTAwNmQ1NmZmOGNiYmQ4ZDhmYmQxYjVlYWVhYjJiMmFhZGY3NSJ9', '2018-09-06 15:44:34.901466'),
('1nng9j4yfxlzagtnurv4k0ht9mjdbw9p', 'OTZhMDIwZDFmMWY3Yjc3ZGJjOGU5YzhkZTA3ODI2NjZiMjk1MjYxMzp7Il9hdXRoX3VzZXJfaWQiOiIyMyIsIl9hdXRoX3VzZXJfYmFja2VuZCI6ImRqYW5nby5jb250cmliLmF1dGguYmFja2VuZHMuTW9kZWxCYWNrZW5kIiwiX2F1dGhfdXNlcl9oYXNoIjoiZTZjYTgzNGViNGExNGQ2MDJlMzIyOGYxMTE5YzliMWU0MmQyYTRhMyJ9', '2018-09-07 09:40:43.155003'),
('1sxngxjur4xpt61omtwavizoejuussk8', 'OTZhMDIwZDFmMWY3Yjc3ZGJjOGU5YzhkZTA3ODI2NjZiMjk1MjYxMzp7Il9hdXRoX3VzZXJfaWQiOiIyMyIsIl9hdXRoX3VzZXJfYmFja2VuZCI6ImRqYW5nby5jb250cmliLmF1dGguYmFja2VuZHMuTW9kZWxCYWNrZW5kIiwiX2F1dGhfdXNlcl9oYXNoIjoiZTZjYTgzNGViNGExNGQ2MDJlMzIyOGYxMTE5YzliMWU0MmQyYTRhMyJ9', '2018-09-05 03:25:12.479170'),
('21beb0dngtg0njghb7jjobxoovk92arx', 'ZDJmNDE0MTFhMGNlNzEzMjYzMzZkZjAwOGQxMGI4MDAzYTRjYzg1YTp7Il9hdXRoX3VzZXJfaWQiOiIxNSIsIl9hdXRoX3VzZXJfYmFja2VuZCI6ImRqYW5nby5jb250cmliLmF1dGguYmFja2VuZHMuTW9kZWxCYWNrZW5kIiwiX2F1dGhfdXNlcl9oYXNoIjoiNzkxYjk4MGIwN2M0M2FhZGNiMDk2ZjhhYjZlZjczMTY2OTgwOTZhYiJ9', '2018-09-07 05:20:14.616303'),
('25ullahlemhqlbqr4eehno77534kixsz', 'OTZhMDIwZDFmMWY3Yjc3ZGJjOGU5YzhkZTA3ODI2NjZiMjk1MjYxMzp7Il9hdXRoX3VzZXJfaWQiOiIyMyIsIl9hdXRoX3VzZXJfYmFja2VuZCI6ImRqYW5nby5jb250cmliLmF1dGguYmFja2VuZHMuTW9kZWxCYWNrZW5kIiwiX2F1dGhfdXNlcl9oYXNoIjoiZTZjYTgzNGViNGExNGQ2MDJlMzIyOGYxMTE5YzliMWU0MmQyYTRhMyJ9', '2018-09-07 03:23:52.270023'),
('26ftb043nyca79c7mq67bpdd1rkxp0od', 'OTZhMDIwZDFmMWY3Yjc3ZGJjOGU5YzhkZTA3ODI2NjZiMjk1MjYxMzp7Il9hdXRoX3VzZXJfaWQiOiIyMyIsIl9hdXRoX3VzZXJfYmFja2VuZCI6ImRqYW5nby5jb250cmliLmF1dGguYmFja2VuZHMuTW9kZWxCYWNrZW5kIiwiX2F1dGhfdXNlcl9oYXNoIjoiZTZjYTgzNGViNGExNGQ2MDJlMzIyOGYxMTE5YzliMWU0MmQyYTRhMyJ9', '2018-09-03 17:39:58.452675'),
('29pusycx4yh88dbgbdtdnt2kskx4trhd', 'ZDJmNDE0MTFhMGNlNzEzMjYzMzZkZjAwOGQxMGI4MDAzYTRjYzg1YTp7Il9hdXRoX3VzZXJfaWQiOiIxNSIsIl9hdXRoX3VzZXJfYmFja2VuZCI6ImRqYW5nby5jb250cmliLmF1dGguYmFja2VuZHMuTW9kZWxCYWNrZW5kIiwiX2F1dGhfdXNlcl9oYXNoIjoiNzkxYjk4MGIwN2M0M2FhZGNiMDk2ZjhhYjZlZjczMTY2OTgwOTZhYiJ9', '2018-09-08 07:13:34.801131'),
('2fl3vlygctrn0g0quiky8akdi35wrqym', 'OTZhMDIwZDFmMWY3Yjc3ZGJjOGU5YzhkZTA3ODI2NjZiMjk1MjYxMzp7Il9hdXRoX3VzZXJfaWQiOiIyMyIsIl9hdXRoX3VzZXJfYmFja2VuZCI6ImRqYW5nby5jb250cmliLmF1dGguYmFja2VuZHMuTW9kZWxCYWNrZW5kIiwiX2F1dGhfdXNlcl9oYXNoIjoiZTZjYTgzNGViNGExNGQ2MDJlMzIyOGYxMTE5YzliMWU0MmQyYTRhMyJ9', '2018-08-31 05:38:19.421395'),
('2nu6skkz1aw4ic68z4uzn2w4nu1ojz04', 'ZDJmNDE0MTFhMGNlNzEzMjYzMzZkZjAwOGQxMGI4MDAzYTRjYzg1YTp7Il9hdXRoX3VzZXJfaWQiOiIxNSIsIl9hdXRoX3VzZXJfYmFja2VuZCI6ImRqYW5nby5jb250cmliLmF1dGguYmFja2VuZHMuTW9kZWxCYWNrZW5kIiwiX2F1dGhfdXNlcl9oYXNoIjoiNzkxYjk4MGIwN2M0M2FhZGNiMDk2ZjhhYjZlZjczMTY2OTgwOTZhYiJ9', '2018-09-05 10:24:30.277118'),
('37pidqybt0che05xfkonoooucqdwp1p4', 'OTZhMDIwZDFmMWY3Yjc3ZGJjOGU5YzhkZTA3ODI2NjZiMjk1MjYxMzp7Il9hdXRoX3VzZXJfaWQiOiIyMyIsIl9hdXRoX3VzZXJfYmFja2VuZCI6ImRqYW5nby5jb250cmliLmF1dGguYmFja2VuZHMuTW9kZWxCYWNrZW5kIiwiX2F1dGhfdXNlcl9oYXNoIjoiZTZjYTgzNGViNGExNGQ2MDJlMzIyOGYxMTE5YzliMWU0MmQyYTRhMyJ9', '2018-08-30 16:39:01.606196'),
('3fja359vrbh74lz017wjwcpoq8auolsp', 'OTZhMDIwZDFmMWY3Yjc3ZGJjOGU5YzhkZTA3ODI2NjZiMjk1MjYxMzp7Il9hdXRoX3VzZXJfaWQiOiIyMyIsIl9hdXRoX3VzZXJfYmFja2VuZCI6ImRqYW5nby5jb250cmliLmF1dGguYmFja2VuZHMuTW9kZWxCYWNrZW5kIiwiX2F1dGhfdXNlcl9oYXNoIjoiZTZjYTgzNGViNGExNGQ2MDJlMzIyOGYxMTE5YzliMWU0MmQyYTRhMyJ9', '2018-08-31 15:07:50.239290'),
('3j9kjf0oug3zkenvqm1u5mkiyklgpl9i', 'ZDJmNDE0MTFhMGNlNzEzMjYzMzZkZjAwOGQxMGI4MDAzYTRjYzg1YTp7Il9hdXRoX3VzZXJfaWQiOiIxNSIsIl9hdXRoX3VzZXJfYmFja2VuZCI6ImRqYW5nby5jb250cmliLmF1dGguYmFja2VuZHMuTW9kZWxCYWNrZW5kIiwiX2F1dGhfdXNlcl9oYXNoIjoiNzkxYjk4MGIwN2M0M2FhZGNiMDk2ZjhhYjZlZjczMTY2OTgwOTZhYiJ9', '2018-08-27 12:39:53.567979'),
('3jp2wd0f5d4hq2ek5b7neuvoxwcmk3m7', 'OTZhMDIwZDFmMWY3Yjc3ZGJjOGU5YzhkZTA3ODI2NjZiMjk1MjYxMzp7Il9hdXRoX3VzZXJfaWQiOiIyMyIsIl9hdXRoX3VzZXJfYmFja2VuZCI6ImRqYW5nby5jb250cmliLmF1dGguYmFja2VuZHMuTW9kZWxCYWNrZW5kIiwiX2F1dGhfdXNlcl9oYXNoIjoiZTZjYTgzNGViNGExNGQ2MDJlMzIyOGYxMTE5YzliMWU0MmQyYTRhMyJ9', '2018-08-29 14:45:34.077124'),
('3mx3zv1b09s5zzob4qynr988hoc2h33x', 'OTZhMDIwZDFmMWY3Yjc3ZGJjOGU5YzhkZTA3ODI2NjZiMjk1MjYxMzp7Il9hdXRoX3VzZXJfaWQiOiIyMyIsIl9hdXRoX3VzZXJfYmFja2VuZCI6ImRqYW5nby5jb250cmliLmF1dGguYmFja2VuZHMuTW9kZWxCYWNrZW5kIiwiX2F1dGhfdXNlcl9oYXNoIjoiZTZjYTgzNGViNGExNGQ2MDJlMzIyOGYxMTE5YzliMWU0MmQyYTRhMyJ9', '2018-08-31 19:32:58.395590'),
('3t6l4p4y3brnhkmggqx6x1tl6n45fnge', 'ZjNlZjRmZmRiYzZiNDU0ZTYwOGU2YjlhMmI2NTYyYTkzOWM1Y2U5ODp7Il9hdXRoX3VzZXJfaWQiOiIxIiwiX2F1dGhfdXNlcl9iYWNrZW5kIjoiZGphbmdvLmNvbnRyaWIuYXV0aC5iYWNrZW5kcy5Nb2RlbEJhY2tlbmQiLCJfYXV0aF91c2VyX2hhc2giOiI3MTg5NTY0MDM3NTRmM2FiNGYxMWNjZDFjNjEyZWU5OWFmOGVjZjZmIn0=', '2018-09-08 07:13:45.768758'),
('418eokx5lmcprsdojig2n271h5a03n3n', 'OTZhMDIwZDFmMWY3Yjc3ZGJjOGU5YzhkZTA3ODI2NjZiMjk1MjYxMzp7Il9hdXRoX3VzZXJfaWQiOiIyMyIsIl9hdXRoX3VzZXJfYmFja2VuZCI6ImRqYW5nby5jb250cmliLmF1dGguYmFja2VuZHMuTW9kZWxCYWNrZW5kIiwiX2F1dGhfdXNlcl9oYXNoIjoiZTZjYTgzNGViNGExNGQ2MDJlMzIyOGYxMTE5YzliMWU0MmQyYTRhMyJ9', '2018-08-30 18:00:45.430538'),
('48qdcyy7t4ektoi551ptliifyjnbfxul', 'OTZhMDIwZDFmMWY3Yjc3ZGJjOGU5YzhkZTA3ODI2NjZiMjk1MjYxMzp7Il9hdXRoX3VzZXJfaWQiOiIyMyIsIl9hdXRoX3VzZXJfYmFja2VuZCI6ImRqYW5nby5jb250cmliLmF1dGguYmFja2VuZHMuTW9kZWxCYWNrZW5kIiwiX2F1dGhfdXNlcl9oYXNoIjoiZTZjYTgzNGViNGExNGQ2MDJlMzIyOGYxMTE5YzliMWU0MmQyYTRhMyJ9', '2018-08-30 13:42:57.527713'),
('48tgbt61hd6v8krv96vh7tiw2jmnoinq', 'OTZhMDIwZDFmMWY3Yjc3ZGJjOGU5YzhkZTA3ODI2NjZiMjk1MjYxMzp7Il9hdXRoX3VzZXJfaWQiOiIyMyIsIl9hdXRoX3VzZXJfYmFja2VuZCI6ImRqYW5nby5jb250cmliLmF1dGguYmFja2VuZHMuTW9kZWxCYWNrZW5kIiwiX2F1dGhfdXNlcl9oYXNoIjoiZTZjYTgzNGViNGExNGQ2MDJlMzIyOGYxMTE5YzliMWU0MmQyYTRhMyJ9', '2018-09-04 06:19:22.045988'),
('4a4w9v883q5dmg9d9x1c346f1b06phvx', 'OTZhMDIwZDFmMWY3Yjc3ZGJjOGU5YzhkZTA3ODI2NjZiMjk1MjYxMzp7Il9hdXRoX3VzZXJfaWQiOiIyMyIsIl9hdXRoX3VzZXJfYmFja2VuZCI6ImRqYW5nby5jb250cmliLmF1dGguYmFja2VuZHMuTW9kZWxCYWNrZW5kIiwiX2F1dGhfdXNlcl9oYXNoIjoiZTZjYTgzNGViNGExNGQ2MDJlMzIyOGYxMTE5YzliMWU0MmQyYTRhMyJ9', '2018-08-27 07:13:47.034334'),
('4r9jccpeixlrtxvfzunt9y48svd6chxm', 'ZDJmNDE0MTFhMGNlNzEzMjYzMzZkZjAwOGQxMGI4MDAzYTRjYzg1YTp7Il9hdXRoX3VzZXJfaWQiOiIxNSIsIl9hdXRoX3VzZXJfYmFja2VuZCI6ImRqYW5nby5jb250cmliLmF1dGguYmFja2VuZHMuTW9kZWxCYWNrZW5kIiwiX2F1dGhfdXNlcl9oYXNoIjoiNzkxYjk4MGIwN2M0M2FhZGNiMDk2ZjhhYjZlZjczMTY2OTgwOTZhYiJ9', '2018-09-04 18:13:34.629131'),
('4szlv2d14e3rr6t832g2fpj67t0repnh', 'OTZhMDIwZDFmMWY3Yjc3ZGJjOGU5YzhkZTA3ODI2NjZiMjk1MjYxMzp7Il9hdXRoX3VzZXJfaWQiOiIyMyIsIl9hdXRoX3VzZXJfYmFja2VuZCI6ImRqYW5nby5jb250cmliLmF1dGguYmFja2VuZHMuTW9kZWxCYWNrZW5kIiwiX2F1dGhfdXNlcl9oYXNoIjoiZTZjYTgzNGViNGExNGQ2MDJlMzIyOGYxMTE5YzliMWU0MmQyYTRhMyJ9', '2018-08-31 08:56:38.036392'),
('4zn4xesus0pu3lqdufs9eastxosjxozq', 'OTZhMDIwZDFmMWY3Yjc3ZGJjOGU5YzhkZTA3ODI2NjZiMjk1MjYxMzp7Il9hdXRoX3VzZXJfaWQiOiIyMyIsIl9hdXRoX3VzZXJfYmFja2VuZCI6ImRqYW5nby5jb250cmliLmF1dGguYmFja2VuZHMuTW9kZWxCYWNrZW5kIiwiX2F1dGhfdXNlcl9oYXNoIjoiZTZjYTgzNGViNGExNGQ2MDJlMzIyOGYxMTE5YzliMWU0MmQyYTRhMyJ9', '2018-08-30 19:13:58.697134'),
('5bpsxry56faju3zt3co053tdblbz4dm5', 'OTZhMDIwZDFmMWY3Yjc3ZGJjOGU5YzhkZTA3ODI2NjZiMjk1MjYxMzp7Il9hdXRoX3VzZXJfaWQiOiIyMyIsIl9hdXRoX3VzZXJfYmFja2VuZCI6ImRqYW5nby5jb250cmliLmF1dGguYmFja2VuZHMuTW9kZWxCYWNrZW5kIiwiX2F1dGhfdXNlcl9oYXNoIjoiZTZjYTgzNGViNGExNGQ2MDJlMzIyOGYxMTE5YzliMWU0MmQyYTRhMyJ9', '2018-08-27 07:39:20.435594'),
('5g4go2grn7n4foeahe7jjihl94qj4dt3', 'ZjNlZjRmZmRiYzZiNDU0ZTYwOGU2YjlhMmI2NTYyYTkzOWM1Y2U5ODp7Il9hdXRoX3VzZXJfaWQiOiIxIiwiX2F1dGhfdXNlcl9iYWNrZW5kIjoiZGphbmdvLmNvbnRyaWIuYXV0aC5iYWNrZW5kcy5Nb2RlbEJhY2tlbmQiLCJfYXV0aF91c2VyX2hhc2giOiI3MTg5NTY0MDM3NTRmM2FiNGYxMWNjZDFjNjEyZWU5OWFmOGVjZjZmIn0=', '2018-09-06 12:24:10.119732'),
('5jehizijkdvjgvku4kmfi9i3r3ub7f2y', 'ZDJmNDE0MTFhMGNlNzEzMjYzMzZkZjAwOGQxMGI4MDAzYTRjYzg1YTp7Il9hdXRoX3VzZXJfaWQiOiIxNSIsIl9hdXRoX3VzZXJfYmFja2VuZCI6ImRqYW5nby5jb250cmliLmF1dGguYmFja2VuZHMuTW9kZWxCYWNrZW5kIiwiX2F1dGhfdXNlcl9oYXNoIjoiNzkxYjk4MGIwN2M0M2FhZGNiMDk2ZjhhYjZlZjczMTY2OTgwOTZhYiJ9', '2018-09-03 10:09:27.577081'),
('5tqk10fsmedwvfojz85gtqzgqgh31hdx', 'ZDJmNDE0MTFhMGNlNzEzMjYzMzZkZjAwOGQxMGI4MDAzYTRjYzg1YTp7Il9hdXRoX3VzZXJfaWQiOiIxNSIsIl9hdXRoX3VzZXJfYmFja2VuZCI6ImRqYW5nby5jb250cmliLmF1dGguYmFja2VuZHMuTW9kZWxCYWNrZW5kIiwiX2F1dGhfdXNlcl9oYXNoIjoiNzkxYjk4MGIwN2M0M2FhZGNiMDk2ZjhhYjZlZjczMTY2OTgwOTZhYiJ9', '2018-09-03 10:10:32.223667'),
('5uwlur9c84arwjh5ncsrc9j880rx3a8d', 'N2UwOWQwM2I0ZDY3MTZjNjUwMTI1ZjVkZmEzZWNiOGRjZDYyMDg2OTp7Il9hdXRoX3VzZXJfaWQiOiIyNCIsIl9hdXRoX3VzZXJfYmFja2VuZCI6ImRqYW5nby5jb250cmliLmF1dGguYmFja2VuZHMuTW9kZWxCYWNrZW5kIiwiX2F1dGhfdXNlcl9oYXNoIjoiMWVjOTAwNmQ1NmZmOGNiYmQ4ZDhmYmQxYjVlYWVhYjJiMmFhZGY3NSJ9', '2018-09-07 06:10:03.758933'),
('60r6ns8406vtj6buwbgsc8h3pqpknxg9', 'ZDJmNDE0MTFhMGNlNzEzMjYzMzZkZjAwOGQxMGI4MDAzYTRjYzg1YTp7Il9hdXRoX3VzZXJfaWQiOiIxNSIsIl9hdXRoX3VzZXJfYmFja2VuZCI6ImRqYW5nby5jb250cmliLmF1dGguYmFja2VuZHMuTW9kZWxCYWNrZW5kIiwiX2F1dGhfdXNlcl9oYXNoIjoiNzkxYjk4MGIwN2M0M2FhZGNiMDk2ZjhhYjZlZjczMTY2OTgwOTZhYiJ9', '2018-09-09 10:47:47.340229'),
('65m8yzuu1l842ejjogyghhcq2qr0dsao', 'OTZhMDIwZDFmMWY3Yjc3ZGJjOGU5YzhkZTA3ODI2NjZiMjk1MjYxMzp7Il9hdXRoX3VzZXJfaWQiOiIyMyIsIl9hdXRoX3VzZXJfYmFja2VuZCI6ImRqYW5nby5jb250cmliLmF1dGguYmFja2VuZHMuTW9kZWxCYWNrZW5kIiwiX2F1dGhfdXNlcl9oYXNoIjoiZTZjYTgzNGViNGExNGQ2MDJlMzIyOGYxMTE5YzliMWU0MmQyYTRhMyJ9', '2018-08-25 09:24:35.637927'),
('67rq1p52qg62kbtco4xvz545rqyoqhhs', 'ZDJmNDE0MTFhMGNlNzEzMjYzMzZkZjAwOGQxMGI4MDAzYTRjYzg1YTp7Il9hdXRoX3VzZXJfaWQiOiIxNSIsIl9hdXRoX3VzZXJfYmFja2VuZCI6ImRqYW5nby5jb250cmliLmF1dGguYmFja2VuZHMuTW9kZWxCYWNrZW5kIiwiX2F1dGhfdXNlcl9oYXNoIjoiNzkxYjk4MGIwN2M0M2FhZGNiMDk2ZjhhYjZlZjczMTY2OTgwOTZhYiJ9', '2018-09-05 10:30:51.326342'),
('6ad5aews57n7q1yjs5kwgu6m81shqz0d', 'OTZhMDIwZDFmMWY3Yjc3ZGJjOGU5YzhkZTA3ODI2NjZiMjk1MjYxMzp7Il9hdXRoX3VzZXJfaWQiOiIyMyIsIl9hdXRoX3VzZXJfYmFja2VuZCI6ImRqYW5nby5jb250cmliLmF1dGguYmFja2VuZHMuTW9kZWxCYWNrZW5kIiwiX2F1dGhfdXNlcl9oYXNoIjoiZTZjYTgzNGViNGExNGQ2MDJlMzIyOGYxMTE5YzliMWU0MmQyYTRhMyJ9', '2018-08-31 16:22:50.495877'),
('6azftfzts8jimy0btkmmoxsehts8t6nx', 'OTZhMDIwZDFmMWY3Yjc3ZGJjOGU5YzhkZTA3ODI2NjZiMjk1MjYxMzp7Il9hdXRoX3VzZXJfaWQiOiIyMyIsIl9hdXRoX3VzZXJfYmFja2VuZCI6ImRqYW5nby5jb250cmliLmF1dGguYmFja2VuZHMuTW9kZWxCYWNrZW5kIiwiX2F1dGhfdXNlcl9oYXNoIjoiZTZjYTgzNGViNGExNGQ2MDJlMzIyOGYxMTE5YzliMWU0MmQyYTRhMyJ9', '2018-08-27 16:01:41.498072'),
('6iae3r82uyee4cyiicw5armxsljc2vin', 'ZDJmNDE0MTFhMGNlNzEzMjYzMzZkZjAwOGQxMGI4MDAzYTRjYzg1YTp7Il9hdXRoX3VzZXJfaWQiOiIxNSIsIl9hdXRoX3VzZXJfYmFja2VuZCI6ImRqYW5nby5jb250cmliLmF1dGguYmFja2VuZHMuTW9kZWxCYWNrZW5kIiwiX2F1dGhfdXNlcl9oYXNoIjoiNzkxYjk4MGIwN2M0M2FhZGNiMDk2ZjhhYjZlZjczMTY2OTgwOTZhYiJ9', '2018-08-29 05:29:11.492225'),
('6ko5e11yh445d2xbwsx36d6xvvazm27o', 'OTZhMDIwZDFmMWY3Yjc3ZGJjOGU5YzhkZTA3ODI2NjZiMjk1MjYxMzp7Il9hdXRoX3VzZXJfaWQiOiIyMyIsIl9hdXRoX3VzZXJfYmFja2VuZCI6ImRqYW5nby5jb250cmliLmF1dGguYmFja2VuZHMuTW9kZWxCYWNrZW5kIiwiX2F1dGhfdXNlcl9oYXNoIjoiZTZjYTgzNGViNGExNGQ2MDJlMzIyOGYxMTE5YzliMWU0MmQyYTRhMyJ9', '2018-08-30 05:22:37.666475'),
('6ohti1u2jdh88hxbveqw3j5mdijtj40d', 'OTZhMDIwZDFmMWY3Yjc3ZGJjOGU5YzhkZTA3ODI2NjZiMjk1MjYxMzp7Il9hdXRoX3VzZXJfaWQiOiIyMyIsIl9hdXRoX3VzZXJfYmFja2VuZCI6ImRqYW5nby5jb250cmliLmF1dGguYmFja2VuZHMuTW9kZWxCYWNrZW5kIiwiX2F1dGhfdXNlcl9oYXNoIjoiZTZjYTgzNGViNGExNGQ2MDJlMzIyOGYxMTE5YzliMWU0MmQyYTRhMyJ9', '2018-08-29 13:43:28.324585'),
('6ueaogzot2xo2wp5voxk7yx2a3i5imte', 'OTZhMDIwZDFmMWY3Yjc3ZGJjOGU5YzhkZTA3ODI2NjZiMjk1MjYxMzp7Il9hdXRoX3VzZXJfaWQiOiIyMyIsIl9hdXRoX3VzZXJfYmFja2VuZCI6ImRqYW5nby5jb250cmliLmF1dGguYmFja2VuZHMuTW9kZWxCYWNrZW5kIiwiX2F1dGhfdXNlcl9oYXNoIjoiZTZjYTgzNGViNGExNGQ2MDJlMzIyOGYxMTE5YzliMWU0MmQyYTRhMyJ9', '2018-09-04 03:22:41.441190'),
('6ugmgutfyeeyjkej585al56wl9ewpbcq', 'OTZhMDIwZDFmMWY3Yjc3ZGJjOGU5YzhkZTA3ODI2NjZiMjk1MjYxMzp7Il9hdXRoX3VzZXJfaWQiOiIyMyIsIl9hdXRoX3VzZXJfYmFja2VuZCI6ImRqYW5nby5jb250cmliLmF1dGguYmFja2VuZHMuTW9kZWxCYWNrZW5kIiwiX2F1dGhfdXNlcl9oYXNoIjoiZTZjYTgzNGViNGExNGQ2MDJlMzIyOGYxMTE5YzliMWU0MmQyYTRhMyJ9', '2018-08-29 05:03:36.603908'),
('72wgn4wd9ln1b5aoim4jaxqtt464y7pn', 'OTZhMDIwZDFmMWY3Yjc3ZGJjOGU5YzhkZTA3ODI2NjZiMjk1MjYxMzp7Il9hdXRoX3VzZXJfaWQiOiIyMyIsIl9hdXRoX3VzZXJfYmFja2VuZCI6ImRqYW5nby5jb250cmliLmF1dGguYmFja2VuZHMuTW9kZWxCYWNrZW5kIiwiX2F1dGhfdXNlcl9oYXNoIjoiZTZjYTgzNGViNGExNGQ2MDJlMzIyOGYxMTE5YzliMWU0MmQyYTRhMyJ9', '2018-08-25 07:02:30.551592'),
('75k86n3yiyehb42c5jhaypkcbu7awpos', 'OTZhMDIwZDFmMWY3Yjc3ZGJjOGU5YzhkZTA3ODI2NjZiMjk1MjYxMzp7Il9hdXRoX3VzZXJfaWQiOiIyMyIsIl9hdXRoX3VzZXJfYmFja2VuZCI6ImRqYW5nby5jb250cmliLmF1dGguYmFja2VuZHMuTW9kZWxCYWNrZW5kIiwiX2F1dGhfdXNlcl9oYXNoIjoiZTZjYTgzNGViNGExNGQ2MDJlMzIyOGYxMTE5YzliMWU0MmQyYTRhMyJ9', '2018-09-03 04:55:08.900572'),
('7iccb85j8qd134m52cplgsnij5ts0h5x', 'ZDJmNDE0MTFhMGNlNzEzMjYzMzZkZjAwOGQxMGI4MDAzYTRjYzg1YTp7Il9hdXRoX3VzZXJfaWQiOiIxNSIsIl9hdXRoX3VzZXJfYmFja2VuZCI6ImRqYW5nby5jb250cmliLmF1dGguYmFja2VuZHMuTW9kZWxCYWNrZW5kIiwiX2F1dGhfdXNlcl9oYXNoIjoiNzkxYjk4MGIwN2M0M2FhZGNiMDk2ZjhhYjZlZjczMTY2OTgwOTZhYiJ9', '2018-09-03 08:39:53.036718'),
('7qjkg3k21ut2dozpx2u9417usezll0m6', 'OTZhMDIwZDFmMWY3Yjc3ZGJjOGU5YzhkZTA3ODI2NjZiMjk1MjYxMzp7Il9hdXRoX3VzZXJfaWQiOiIyMyIsIl9hdXRoX3VzZXJfYmFja2VuZCI6ImRqYW5nby5jb250cmliLmF1dGguYmFja2VuZHMuTW9kZWxCYWNrZW5kIiwiX2F1dGhfdXNlcl9oYXNoIjoiZTZjYTgzNGViNGExNGQ2MDJlMzIyOGYxMTE5YzliMWU0MmQyYTRhMyJ9', '2018-08-31 00:43:08.518608'),
('7sselcrbgoiila1rrz6yj37m2bpmo8qn', 'OTZhMDIwZDFmMWY3Yjc3ZGJjOGU5YzhkZTA3ODI2NjZiMjk1MjYxMzp7Il9hdXRoX3VzZXJfaWQiOiIyMyIsIl9hdXRoX3VzZXJfYmFja2VuZCI6ImRqYW5nby5jb250cmliLmF1dGguYmFja2VuZHMuTW9kZWxCYWNrZW5kIiwiX2F1dGhfdXNlcl9oYXNoIjoiZTZjYTgzNGViNGExNGQ2MDJlMzIyOGYxMTE5YzliMWU0MmQyYTRhMyJ9', '2018-08-30 04:22:21.998778'),
('8cct2cjf8y18xu7mcqpholi0psmxvps9', 'ZDJmNDE0MTFhMGNlNzEzMjYzMzZkZjAwOGQxMGI4MDAzYTRjYzg1YTp7Il9hdXRoX3VzZXJfaWQiOiIxNSIsIl9hdXRoX3VzZXJfYmFja2VuZCI6ImRqYW5nby5jb250cmliLmF1dGguYmFja2VuZHMuTW9kZWxCYWNrZW5kIiwiX2F1dGhfdXNlcl9oYXNoIjoiNzkxYjk4MGIwN2M0M2FhZGNiMDk2ZjhhYjZlZjczMTY2OTgwOTZhYiJ9', '2018-09-03 08:13:29.966628'),
('8fc4qiswu7nk9u2wlge115hs0g0kz0xh', 'ZDJmNDE0MTFhMGNlNzEzMjYzMzZkZjAwOGQxMGI4MDAzYTRjYzg1YTp7Il9hdXRoX3VzZXJfaWQiOiIxNSIsIl9hdXRoX3VzZXJfYmFja2VuZCI6ImRqYW5nby5jb250cmliLmF1dGguYmFja2VuZHMuTW9kZWxCYWNrZW5kIiwiX2F1dGhfdXNlcl9oYXNoIjoiNzkxYjk4MGIwN2M0M2FhZGNiMDk2ZjhhYjZlZjczMTY2OTgwOTZhYiJ9', '2018-09-05 10:33:01.618747'),
('8fn4os5glr45nv4jsnruhi5u677ueeel', 'OTZhMDIwZDFmMWY3Yjc3ZGJjOGU5YzhkZTA3ODI2NjZiMjk1MjYxMzp7Il9hdXRoX3VzZXJfaWQiOiIyMyIsIl9hdXRoX3VzZXJfYmFja2VuZCI6ImRqYW5nby5jb250cmliLmF1dGguYmFja2VuZHMuTW9kZWxCYWNrZW5kIiwiX2F1dGhfdXNlcl9oYXNoIjoiZTZjYTgzNGViNGExNGQ2MDJlMzIyOGYxMTE5YzliMWU0MmQyYTRhMyJ9', '2018-08-31 15:07:32.816120'),
('8mjhpzl3roxp8je9d3io9oage0vd3sx2', 'ZDJmNDE0MTFhMGNlNzEzMjYzMzZkZjAwOGQxMGI4MDAzYTRjYzg1YTp7Il9hdXRoX3VzZXJfaWQiOiIxNSIsIl9hdXRoX3VzZXJfYmFja2VuZCI6ImRqYW5nby5jb250cmliLmF1dGguYmFja2VuZHMuTW9kZWxCYWNrZW5kIiwiX2F1dGhfdXNlcl9oYXNoIjoiNzkxYjk4MGIwN2M0M2FhZGNiMDk2ZjhhYjZlZjczMTY2OTgwOTZhYiJ9', '2018-09-04 16:34:39.455220'),
('8qd96xxtyr5p6b6vv36ocfa5b5fyapr2', 'ZDJmNDE0MTFhMGNlNzEzMjYzMzZkZjAwOGQxMGI4MDAzYTRjYzg1YTp7Il9hdXRoX3VzZXJfaWQiOiIxNSIsIl9hdXRoX3VzZXJfYmFja2VuZCI6ImRqYW5nby5jb250cmliLmF1dGguYmFja2VuZHMuTW9kZWxCYWNrZW5kIiwiX2F1dGhfdXNlcl9oYXNoIjoiNzkxYjk4MGIwN2M0M2FhZGNiMDk2ZjhhYjZlZjczMTY2OTgwOTZhYiJ9', '2018-08-31 15:30:59.516194'),
('8uq1fyntxb0t9h0p9s9v5u597u97wqoq', 'ZDJmNDE0MTFhMGNlNzEzMjYzMzZkZjAwOGQxMGI4MDAzYTRjYzg1YTp7Il9hdXRoX3VzZXJfaWQiOiIxNSIsIl9hdXRoX3VzZXJfYmFja2VuZCI6ImRqYW5nby5jb250cmliLmF1dGguYmFja2VuZHMuTW9kZWxCYWNrZW5kIiwiX2F1dGhfdXNlcl9oYXNoIjoiNzkxYjk4MGIwN2M0M2FhZGNiMDk2ZjhhYjZlZjczMTY2OTgwOTZhYiJ9', '2018-08-28 12:19:42.462440'),
('8uuw7kwj3qo3nv20mbohdpn7pbkl9q0l', 'ZDJmNDE0MTFhMGNlNzEzMjYzMzZkZjAwOGQxMGI4MDAzYTRjYzg1YTp7Il9hdXRoX3VzZXJfaWQiOiIxNSIsIl9hdXRoX3VzZXJfYmFja2VuZCI6ImRqYW5nby5jb250cmliLmF1dGguYmFja2VuZHMuTW9kZWxCYWNrZW5kIiwiX2F1dGhfdXNlcl9oYXNoIjoiNzkxYjk4MGIwN2M0M2FhZGNiMDk2ZjhhYjZlZjczMTY2OTgwOTZhYiJ9', '2018-09-05 10:29:20.194563'),
('8w1196ieqwecpuzyvhh2ti5mcs82lhuy', 'OTZhMDIwZDFmMWY3Yjc3ZGJjOGU5YzhkZTA3ODI2NjZiMjk1MjYxMzp7Il9hdXRoX3VzZXJfaWQiOiIyMyIsIl9hdXRoX3VzZXJfYmFja2VuZCI6ImRqYW5nby5jb250cmliLmF1dGguYmFja2VuZHMuTW9kZWxCYWNrZW5kIiwiX2F1dGhfdXNlcl9oYXNoIjoiZTZjYTgzNGViNGExNGQ2MDJlMzIyOGYxMTE5YzliMWU0MmQyYTRhMyJ9', '2018-08-29 04:58:08.076204'),
('8yvq15qx4h6gfdcohhmm7w5yfkdin0wn', 'ZDJmNDE0MTFhMGNlNzEzMjYzMzZkZjAwOGQxMGI4MDAzYTRjYzg1YTp7Il9hdXRoX3VzZXJfaWQiOiIxNSIsIl9hdXRoX3VzZXJfYmFja2VuZCI6ImRqYW5nby5jb250cmliLmF1dGguYmFja2VuZHMuTW9kZWxCYWNrZW5kIiwiX2F1dGhfdXNlcl9oYXNoIjoiNzkxYjk4MGIwN2M0M2FhZGNiMDk2ZjhhYjZlZjczMTY2OTgwOTZhYiJ9', '2018-08-28 05:56:07.301097'),
('959o6idrhj4o50699iw4geybusuh5kp2', 'N2UwOWQwM2I0ZDY3MTZjNjUwMTI1ZjVkZmEzZWNiOGRjZDYyMDg2OTp7Il9hdXRoX3VzZXJfaWQiOiIyNCIsIl9hdXRoX3VzZXJfYmFja2VuZCI6ImRqYW5nby5jb250cmliLmF1dGguYmFja2VuZHMuTW9kZWxCYWNrZW5kIiwiX2F1dGhfdXNlcl9oYXNoIjoiMWVjOTAwNmQ1NmZmOGNiYmQ4ZDhmYmQxYjVlYWVhYjJiMmFhZGY3NSJ9', '2018-09-07 08:26:30.446370'),
('99dp9hbrkwva2qz67s7wkmoiamidt8p3', 'ZDJmNDE0MTFhMGNlNzEzMjYzMzZkZjAwOGQxMGI4MDAzYTRjYzg1YTp7Il9hdXRoX3VzZXJfaWQiOiIxNSIsIl9hdXRoX3VzZXJfYmFja2VuZCI6ImRqYW5nby5jb250cmliLmF1dGguYmFja2VuZHMuTW9kZWxCYWNrZW5kIiwiX2F1dGhfdXNlcl9oYXNoIjoiNzkxYjk4MGIwN2M0M2FhZGNiMDk2ZjhhYjZlZjczMTY2OTgwOTZhYiJ9', '2018-09-03 10:56:02.997273'),
('9a5k4jx7ps7gp2atzffjefidfh92dlvt', 'ZDJmNDE0MTFhMGNlNzEzMjYzMzZkZjAwOGQxMGI4MDAzYTRjYzg1YTp7Il9hdXRoX3VzZXJfaWQiOiIxNSIsIl9hdXRoX3VzZXJfYmFja2VuZCI6ImRqYW5nby5jb250cmliLmF1dGguYmFja2VuZHMuTW9kZWxCYWNrZW5kIiwiX2F1dGhfdXNlcl9oYXNoIjoiNzkxYjk4MGIwN2M0M2FhZGNiMDk2ZjhhYjZlZjczMTY2OTgwOTZhYiJ9', '2018-09-06 08:43:31.815630'),
('9eu2w3ptj5eruorf1g913ymrweseqe3e', 'OTZhMDIwZDFmMWY3Yjc3ZGJjOGU5YzhkZTA3ODI2NjZiMjk1MjYxMzp7Il9hdXRoX3VzZXJfaWQiOiIyMyIsIl9hdXRoX3VzZXJfYmFja2VuZCI6ImRqYW5nby5jb250cmliLmF1dGguYmFja2VuZHMuTW9kZWxCYWNrZW5kIiwiX2F1dGhfdXNlcl9oYXNoIjoiZTZjYTgzNGViNGExNGQ2MDJlMzIyOGYxMTE5YzliMWU0MmQyYTRhMyJ9', '2018-09-05 03:24:32.132414'),
('9kc7v0m3ots0irdd67w01grkvu1mmwhv', 'ZDJmNDE0MTFhMGNlNzEzMjYzMzZkZjAwOGQxMGI4MDAzYTRjYzg1YTp7Il9hdXRoX3VzZXJfaWQiOiIxNSIsIl9hdXRoX3VzZXJfYmFja2VuZCI6ImRqYW5nby5jb250cmliLmF1dGguYmFja2VuZHMuTW9kZWxCYWNrZW5kIiwiX2F1dGhfdXNlcl9oYXNoIjoiNzkxYjk4MGIwN2M0M2FhZGNiMDk2ZjhhYjZlZjczMTY2OTgwOTZhYiJ9', '2018-08-31 08:52:40.081454'),
('9skb55ymrdt3io4cjhzvrs1xlo135p2p', 'ZDJmNDE0MTFhMGNlNzEzMjYzMzZkZjAwOGQxMGI4MDAzYTRjYzg1YTp7Il9hdXRoX3VzZXJfaWQiOiIxNSIsIl9hdXRoX3VzZXJfYmFja2VuZCI6ImRqYW5nby5jb250cmliLmF1dGguYmFja2VuZHMuTW9kZWxCYWNrZW5kIiwiX2F1dGhfdXNlcl9oYXNoIjoiNzkxYjk4MGIwN2M0M2FhZGNiMDk2ZjhhYjZlZjczMTY2OTgwOTZhYiJ9', '2018-08-31 08:24:55.006064'),
('a4t08dc8yb0y9kcgm32yl6bclv79hpmm', 'OTZhMDIwZDFmMWY3Yjc3ZGJjOGU5YzhkZTA3ODI2NjZiMjk1MjYxMzp7Il9hdXRoX3VzZXJfaWQiOiIyMyIsIl9hdXRoX3VzZXJfYmFja2VuZCI6ImRqYW5nby5jb250cmliLmF1dGguYmFja2VuZHMuTW9kZWxCYWNrZW5kIiwiX2F1dGhfdXNlcl9oYXNoIjoiZTZjYTgzNGViNGExNGQ2MDJlMzIyOGYxMTE5YzliMWU0MmQyYTRhMyJ9', '2018-08-30 02:25:27.954271'),
('a98sq7wgiqmdvpovy4s09sjto5dvpgdn', 'ZDJmNDE0MTFhMGNlNzEzMjYzMzZkZjAwOGQxMGI4MDAzYTRjYzg1YTp7Il9hdXRoX3VzZXJfaWQiOiIxNSIsIl9hdXRoX3VzZXJfYmFja2VuZCI6ImRqYW5nby5jb250cmliLmF1dGguYmFja2VuZHMuTW9kZWxCYWNrZW5kIiwiX2F1dGhfdXNlcl9oYXNoIjoiNzkxYjk4MGIwN2M0M2FhZGNiMDk2ZjhhYjZlZjczMTY2OTgwOTZhYiJ9', '2018-09-05 05:49:19.788081'),
('aeou7o78zkk5o2jp1c54n13shmp8lsup', 'OTZhMDIwZDFmMWY3Yjc3ZGJjOGU5YzhkZTA3ODI2NjZiMjk1MjYxMzp7Il9hdXRoX3VzZXJfaWQiOiIyMyIsIl9hdXRoX3VzZXJfYmFja2VuZCI6ImRqYW5nby5jb250cmliLmF1dGguYmFja2VuZHMuTW9kZWxCYWNrZW5kIiwiX2F1dGhfdXNlcl9oYXNoIjoiZTZjYTgzNGViNGExNGQ2MDJlMzIyOGYxMTE5YzliMWU0MmQyYTRhMyJ9', '2018-08-27 15:50:28.803435'),
('b6xa36tk92kj8j7elb9jwltq4b6v8it4', 'OTZhMDIwZDFmMWY3Yjc3ZGJjOGU5YzhkZTA3ODI2NjZiMjk1MjYxMzp7Il9hdXRoX3VzZXJfaWQiOiIyMyIsIl9hdXRoX3VzZXJfYmFja2VuZCI6ImRqYW5nby5jb250cmliLmF1dGguYmFja2VuZHMuTW9kZWxCYWNrZW5kIiwiX2F1dGhfdXNlcl9oYXNoIjoiZTZjYTgzNGViNGExNGQ2MDJlMzIyOGYxMTE5YzliMWU0MmQyYTRhMyJ9', '2018-08-28 17:27:18.166571'),
('bauxyr8n1ao9tqtkg1m8upsjcmi0y9lr', 'OTZhMDIwZDFmMWY3Yjc3ZGJjOGU5YzhkZTA3ODI2NjZiMjk1MjYxMzp7Il9hdXRoX3VzZXJfaWQiOiIyMyIsIl9hdXRoX3VzZXJfYmFja2VuZCI6ImRqYW5nby5jb250cmliLmF1dGguYmFja2VuZHMuTW9kZWxCYWNrZW5kIiwiX2F1dGhfdXNlcl9oYXNoIjoiZTZjYTgzNGViNGExNGQ2MDJlMzIyOGYxMTE5YzliMWU0MmQyYTRhMyJ9', '2018-08-28 15:40:47.661354'),
('bf0wwzn6a6n749e9kw7fhfujqriexmbn', 'OTZhMDIwZDFmMWY3Yjc3ZGJjOGU5YzhkZTA3ODI2NjZiMjk1MjYxMzp7Il9hdXRoX3VzZXJfaWQiOiIyMyIsIl9hdXRoX3VzZXJfYmFja2VuZCI6ImRqYW5nby5jb250cmliLmF1dGguYmFja2VuZHMuTW9kZWxCYWNrZW5kIiwiX2F1dGhfdXNlcl9oYXNoIjoiZTZjYTgzNGViNGExNGQ2MDJlMzIyOGYxMTE5YzliMWU0MmQyYTRhMyJ9', '2018-08-30 19:18:09.281529'),
('bhivscewm7zgk2yepxrvfscbzqji1dkf', 'OTZhMDIwZDFmMWY3Yjc3ZGJjOGU5YzhkZTA3ODI2NjZiMjk1MjYxMzp7Il9hdXRoX3VzZXJfaWQiOiIyMyIsIl9hdXRoX3VzZXJfYmFja2VuZCI6ImRqYW5nby5jb250cmliLmF1dGguYmFja2VuZHMuTW9kZWxCYWNrZW5kIiwiX2F1dGhfdXNlcl9oYXNoIjoiZTZjYTgzNGViNGExNGQ2MDJlMzIyOGYxMTE5YzliMWU0MmQyYTRhMyJ9', '2018-08-31 15:07:07.848006'),
('bmzw9enmbfa174yye2z4i8tos9ricnej', 'ZDJmNDE0MTFhMGNlNzEzMjYzMzZkZjAwOGQxMGI4MDAzYTRjYzg1YTp7Il9hdXRoX3VzZXJfaWQiOiIxNSIsIl9hdXRoX3VzZXJfYmFja2VuZCI6ImRqYW5nby5jb250cmliLmF1dGguYmFja2VuZHMuTW9kZWxCYWNrZW5kIiwiX2F1dGhfdXNlcl9oYXNoIjoiNzkxYjk4MGIwN2M0M2FhZGNiMDk2ZjhhYjZlZjczMTY2OTgwOTZhYiJ9', '2018-08-30 13:24:48.935118'),
('brmxnw5rkgrijozs0n8jv6kdefamvmc4', 'OTZhMDIwZDFmMWY3Yjc3ZGJjOGU5YzhkZTA3ODI2NjZiMjk1MjYxMzp7Il9hdXRoX3VzZXJfaWQiOiIyMyIsIl9hdXRoX3VzZXJfYmFja2VuZCI6ImRqYW5nby5jb250cmliLmF1dGguYmFja2VuZHMuTW9kZWxCYWNrZW5kIiwiX2F1dGhfdXNlcl9oYXNoIjoiZTZjYTgzNGViNGExNGQ2MDJlMzIyOGYxMTE5YzliMWU0MmQyYTRhMyJ9', '2018-08-29 14:33:48.035853'),
('brpiveybwddgjrrnhlda34xs2uamxzox', 'ZDJmNDE0MTFhMGNlNzEzMjYzMzZkZjAwOGQxMGI4MDAzYTRjYzg1YTp7Il9hdXRoX3VzZXJfaWQiOiIxNSIsIl9hdXRoX3VzZXJfYmFja2VuZCI6ImRqYW5nby5jb250cmliLmF1dGguYmFja2VuZHMuTW9kZWxCYWNrZW5kIiwiX2F1dGhfdXNlcl9oYXNoIjoiNzkxYjk4MGIwN2M0M2FhZGNiMDk2ZjhhYjZlZjczMTY2OTgwOTZhYiJ9', '2018-08-28 09:02:22.085838'),
('bsn04fdyvnamugauf26ytuc7gh2sxq7q', 'OTZhMDIwZDFmMWY3Yjc3ZGJjOGU5YzhkZTA3ODI2NjZiMjk1MjYxMzp7Il9hdXRoX3VzZXJfaWQiOiIyMyIsIl9hdXRoX3VzZXJfYmFja2VuZCI6ImRqYW5nby5jb250cmliLmF1dGguYmFja2VuZHMuTW9kZWxCYWNrZW5kIiwiX2F1dGhfdXNlcl9oYXNoIjoiZTZjYTgzNGViNGExNGQ2MDJlMzIyOGYxMTE5YzliMWU0MmQyYTRhMyJ9', '2018-09-04 17:00:06.878054'),
('bxz9c4pzm33w0at8zw2thramounsxf6n', 'ZDJmNDE0MTFhMGNlNzEzMjYzMzZkZjAwOGQxMGI4MDAzYTRjYzg1YTp7Il9hdXRoX3VzZXJfaWQiOiIxNSIsIl9hdXRoX3VzZXJfYmFja2VuZCI6ImRqYW5nby5jb250cmliLmF1dGguYmFja2VuZHMuTW9kZWxCYWNrZW5kIiwiX2F1dGhfdXNlcl9oYXNoIjoiNzkxYjk4MGIwN2M0M2FhZGNiMDk2ZjhhYjZlZjczMTY2OTgwOTZhYiJ9', '2018-09-03 12:20:44.190075'),
('c8c9ykmknrt873gdkinlt05wu28df1bp', 'ZDJmNDE0MTFhMGNlNzEzMjYzMzZkZjAwOGQxMGI4MDAzYTRjYzg1YTp7Il9hdXRoX3VzZXJfaWQiOiIxNSIsIl9hdXRoX3VzZXJfYmFja2VuZCI6ImRqYW5nby5jb250cmliLmF1dGguYmFja2VuZHMuTW9kZWxCYWNrZW5kIiwiX2F1dGhfdXNlcl9oYXNoIjoiNzkxYjk4MGIwN2M0M2FhZGNiMDk2ZjhhYjZlZjczMTY2OTgwOTZhYiJ9', '2018-09-05 05:32:43.451335'),
('cc3epwj1y1khwohluyw7o83t85crxghx', 'OTZhMDIwZDFmMWY3Yjc3ZGJjOGU5YzhkZTA3ODI2NjZiMjk1MjYxMzp7Il9hdXRoX3VzZXJfaWQiOiIyMyIsIl9hdXRoX3VzZXJfYmFja2VuZCI6ImRqYW5nby5jb250cmliLmF1dGguYmFja2VuZHMuTW9kZWxCYWNrZW5kIiwiX2F1dGhfdXNlcl9oYXNoIjoiZTZjYTgzNGViNGExNGQ2MDJlMzIyOGYxMTE5YzliMWU0MmQyYTRhMyJ9', '2018-08-31 09:44:48.356531'),
('ci3jwxclmi7d0e95wx2kfqhogik3sdia', 'OTZhMDIwZDFmMWY3Yjc3ZGJjOGU5YzhkZTA3ODI2NjZiMjk1MjYxMzp7Il9hdXRoX3VzZXJfaWQiOiIyMyIsIl9hdXRoX3VzZXJfYmFja2VuZCI6ImRqYW5nby5jb250cmliLmF1dGguYmFja2VuZHMuTW9kZWxCYWNrZW5kIiwiX2F1dGhfdXNlcl9oYXNoIjoiZTZjYTgzNGViNGExNGQ2MDJlMzIyOGYxMTE5YzliMWU0MmQyYTRhMyJ9', '2018-09-07 03:25:31.364161'),
('cqo476mouq2wu4kw9viaefzv4o301ji0', 'N2UwOWQwM2I0ZDY3MTZjNjUwMTI1ZjVkZmEzZWNiOGRjZDYyMDg2OTp7Il9hdXRoX3VzZXJfaWQiOiIyNCIsIl9hdXRoX3VzZXJfYmFja2VuZCI6ImRqYW5nby5jb250cmliLmF1dGguYmFja2VuZHMuTW9kZWxCYWNrZW5kIiwiX2F1dGhfdXNlcl9oYXNoIjoiMWVjOTAwNmQ1NmZmOGNiYmQ4ZDhmYmQxYjVlYWVhYjJiMmFhZGY3NSJ9', '2018-09-07 06:15:34.369223'),
('cs81ncs7f8n9c26n5e9ccnim0708fpyh', 'ZDJmNDE0MTFhMGNlNzEzMjYzMzZkZjAwOGQxMGI4MDAzYTRjYzg1YTp7Il9hdXRoX3VzZXJfaWQiOiIxNSIsIl9hdXRoX3VzZXJfYmFja2VuZCI6ImRqYW5nby5jb250cmliLmF1dGguYmFja2VuZHMuTW9kZWxCYWNrZW5kIiwiX2F1dGhfdXNlcl9oYXNoIjoiNzkxYjk4MGIwN2M0M2FhZGNiMDk2ZjhhYjZlZjczMTY2OTgwOTZhYiJ9', '2018-08-28 05:57:08.354528'),
('cx45oyyicu1ovrjgzm20d1lvjmhm0owh', 'ZDJmNDE0MTFhMGNlNzEzMjYzMzZkZjAwOGQxMGI4MDAzYTRjYzg1YTp7Il9hdXRoX3VzZXJfaWQiOiIxNSIsIl9hdXRoX3VzZXJfYmFja2VuZCI6ImRqYW5nby5jb250cmliLmF1dGguYmFja2VuZHMuTW9kZWxCYWNrZW5kIiwiX2F1dGhfdXNlcl9oYXNoIjoiNzkxYjk4MGIwN2M0M2FhZGNiMDk2ZjhhYjZlZjczMTY2OTgwOTZhYiJ9', '2018-09-09 08:38:26.719347'),
('d3fb4i9r4f5av6ki08cruwqh0be9qk06', 'OTZhMDIwZDFmMWY3Yjc3ZGJjOGU5YzhkZTA3ODI2NjZiMjk1MjYxMzp7Il9hdXRoX3VzZXJfaWQiOiIyMyIsIl9hdXRoX3VzZXJfYmFja2VuZCI6ImRqYW5nby5jb250cmliLmF1dGguYmFja2VuZHMuTW9kZWxCYWNrZW5kIiwiX2F1dGhfdXNlcl9oYXNoIjoiZTZjYTgzNGViNGExNGQ2MDJlMzIyOGYxMTE5YzliMWU0MmQyYTRhMyJ9', '2018-08-27 20:40:42.187190'),
('df9a6eao66y47kintwtcvxvo3tadke10', 'OTZhMDIwZDFmMWY3Yjc3ZGJjOGU5YzhkZTA3ODI2NjZiMjk1MjYxMzp7Il9hdXRoX3VzZXJfaWQiOiIyMyIsIl9hdXRoX3VzZXJfYmFja2VuZCI6ImRqYW5nby5jb250cmliLmF1dGguYmFja2VuZHMuTW9kZWxCYWNrZW5kIiwiX2F1dGhfdXNlcl9oYXNoIjoiZTZjYTgzNGViNGExNGQ2MDJlMzIyOGYxMTE5YzliMWU0MmQyYTRhMyJ9', '2018-09-04 05:10:05.268888'),
('dggne5l63sk3yuvg2ds6dv8cyjkv7l06', 'OTZhMDIwZDFmMWY3Yjc3ZGJjOGU5YzhkZTA3ODI2NjZiMjk1MjYxMzp7Il9hdXRoX3VzZXJfaWQiOiIyMyIsIl9hdXRoX3VzZXJfYmFja2VuZCI6ImRqYW5nby5jb250cmliLmF1dGguYmFja2VuZHMuTW9kZWxCYWNrZW5kIiwiX2F1dGhfdXNlcl9oYXNoIjoiZTZjYTgzNGViNGExNGQ2MDJlMzIyOGYxMTE5YzliMWU0MmQyYTRhMyJ9', '2018-08-31 02:17:10.852935'),
('dhvayzb4mgp8og9ysosoctxqt92c7rbx', 'OTZhMDIwZDFmMWY3Yjc3ZGJjOGU5YzhkZTA3ODI2NjZiMjk1MjYxMzp7Il9hdXRoX3VzZXJfaWQiOiIyMyIsIl9hdXRoX3VzZXJfYmFja2VuZCI6ImRqYW5nby5jb250cmliLmF1dGguYmFja2VuZHMuTW9kZWxCYWNrZW5kIiwiX2F1dGhfdXNlcl9oYXNoIjoiZTZjYTgzNGViNGExNGQ2MDJlMzIyOGYxMTE5YzliMWU0MmQyYTRhMyJ9', '2018-08-31 00:44:01.140584'),
('dja9vqelpy7eml0mem3bznlqcs2tmvu8', 'ZDJmNDE0MTFhMGNlNzEzMjYzMzZkZjAwOGQxMGI4MDAzYTRjYzg1YTp7Il9hdXRoX3VzZXJfaWQiOiIxNSIsIl9hdXRoX3VzZXJfYmFja2VuZCI6ImRqYW5nby5jb250cmliLmF1dGguYmFja2VuZHMuTW9kZWxCYWNrZW5kIiwiX2F1dGhfdXNlcl9oYXNoIjoiNzkxYjk4MGIwN2M0M2FhZGNiMDk2ZjhhYjZlZjczMTY2OTgwOTZhYiJ9', '2018-09-06 05:40:56.032077'),
('dk7djzhq9eeh8yv4fl59h2geouk5b0ma', 'OTZhMDIwZDFmMWY3Yjc3ZGJjOGU5YzhkZTA3ODI2NjZiMjk1MjYxMzp7Il9hdXRoX3VzZXJfaWQiOiIyMyIsIl9hdXRoX3VzZXJfYmFja2VuZCI6ImRqYW5nby5jb250cmliLmF1dGguYmFja2VuZHMuTW9kZWxCYWNrZW5kIiwiX2F1dGhfdXNlcl9oYXNoIjoiZTZjYTgzNGViNGExNGQ2MDJlMzIyOGYxMTE5YzliMWU0MmQyYTRhMyJ9', '2018-08-29 03:15:21.622763'),
('dwn0iwdoo4unjyowg6kkohwj83trwqhm', 'ZDJmNDE0MTFhMGNlNzEzMjYzMzZkZjAwOGQxMGI4MDAzYTRjYzg1YTp7Il9hdXRoX3VzZXJfaWQiOiIxNSIsIl9hdXRoX3VzZXJfYmFja2VuZCI6ImRqYW5nby5jb250cmliLmF1dGguYmFja2VuZHMuTW9kZWxCYWNrZW5kIiwiX2F1dGhfdXNlcl9oYXNoIjoiNzkxYjk4MGIwN2M0M2FhZGNiMDk2ZjhhYjZlZjczMTY2OTgwOTZhYiJ9', '2018-09-05 12:57:33.349886'),
('e04o1tme57w9jnebffbudladv4umdno3', 'ZDJmNDE0MTFhMGNlNzEzMjYzMzZkZjAwOGQxMGI4MDAzYTRjYzg1YTp7Il9hdXRoX3VzZXJfaWQiOiIxNSIsIl9hdXRoX3VzZXJfYmFja2VuZCI6ImRqYW5nby5jb250cmliLmF1dGguYmFja2VuZHMuTW9kZWxCYWNrZW5kIiwiX2F1dGhfdXNlcl9oYXNoIjoiNzkxYjk4MGIwN2M0M2FhZGNiMDk2ZjhhYjZlZjczMTY2OTgwOTZhYiJ9', '2018-09-04 04:51:13.005578'),
('e1lctai5daqaab38d8o7feofma5p8l87', 'ZDJmNDE0MTFhMGNlNzEzMjYzMzZkZjAwOGQxMGI4MDAzYTRjYzg1YTp7Il9hdXRoX3VzZXJfaWQiOiIxNSIsIl9hdXRoX3VzZXJfYmFja2VuZCI6ImRqYW5nby5jb250cmliLmF1dGguYmFja2VuZHMuTW9kZWxCYWNrZW5kIiwiX2F1dGhfdXNlcl9oYXNoIjoiNzkxYjk4MGIwN2M0M2FhZGNiMDk2ZjhhYjZlZjczMTY2OTgwOTZhYiJ9', '2018-08-28 14:51:54.594487'),
('eaefopoe9u2l3ksebo7ide7ayvv1bctt', 'ZDJmNDE0MTFhMGNlNzEzMjYzMzZkZjAwOGQxMGI4MDAzYTRjYzg1YTp7Il9hdXRoX3VzZXJfaWQiOiIxNSIsIl9hdXRoX3VzZXJfYmFja2VuZCI6ImRqYW5nby5jb250cmliLmF1dGguYmFja2VuZHMuTW9kZWxCYWNrZW5kIiwiX2F1dGhfdXNlcl9oYXNoIjoiNzkxYjk4MGIwN2M0M2FhZGNiMDk2ZjhhYjZlZjczMTY2OTgwOTZhYiJ9', '2018-08-29 13:40:54.576949'),
('ef0hxti3ydadwgd01wcv4psnngg9ohcd', 'OTZhMDIwZDFmMWY3Yjc3ZGJjOGU5YzhkZTA3ODI2NjZiMjk1MjYxMzp7Il9hdXRoX3VzZXJfaWQiOiIyMyIsIl9hdXRoX3VzZXJfYmFja2VuZCI6ImRqYW5nby5jb250cmliLmF1dGguYmFja2VuZHMuTW9kZWxCYWNrZW5kIiwiX2F1dGhfdXNlcl9oYXNoIjoiZTZjYTgzNGViNGExNGQ2MDJlMzIyOGYxMTE5YzliMWU0MmQyYTRhMyJ9', '2018-08-28 12:15:43.486225'),
('egeagihl0gj44svqxwvmb4vf1woaf107', 'ZDJmNDE0MTFhMGNlNzEzMjYzMzZkZjAwOGQxMGI4MDAzYTRjYzg1YTp7Il9hdXRoX3VzZXJfaWQiOiIxNSIsIl9hdXRoX3VzZXJfYmFja2VuZCI6ImRqYW5nby5jb250cmliLmF1dGguYmFja2VuZHMuTW9kZWxCYWNrZW5kIiwiX2F1dGhfdXNlcl9oYXNoIjoiNzkxYjk4MGIwN2M0M2FhZGNiMDk2ZjhhYjZlZjczMTY2OTgwOTZhYiJ9', '2018-09-08 16:59:22.286452'),
('eifwb51d4k3ggr3vjml4gdujjyao16ra', 'ZDJmNDE0MTFhMGNlNzEzMjYzMzZkZjAwOGQxMGI4MDAzYTRjYzg1YTp7Il9hdXRoX3VzZXJfaWQiOiIxNSIsIl9hdXRoX3VzZXJfYmFja2VuZCI6ImRqYW5nby5jb250cmliLmF1dGguYmFja2VuZHMuTW9kZWxCYWNrZW5kIiwiX2F1dGhfdXNlcl9oYXNoIjoiNzkxYjk4MGIwN2M0M2FhZGNiMDk2ZjhhYjZlZjczMTY2OTgwOTZhYiJ9', '2018-09-08 13:46:19.450952'),
('ek4v83f0utt6lep4g1z5q1vln4k4nfrs', 'ZDJmNDE0MTFhMGNlNzEzMjYzMzZkZjAwOGQxMGI4MDAzYTRjYzg1YTp7Il9hdXRoX3VzZXJfaWQiOiIxNSIsIl9hdXRoX3VzZXJfYmFja2VuZCI6ImRqYW5nby5jb250cmliLmF1dGguYmFja2VuZHMuTW9kZWxCYWNrZW5kIiwiX2F1dGhfdXNlcl9oYXNoIjoiNzkxYjk4MGIwN2M0M2FhZGNiMDk2ZjhhYjZlZjczMTY2OTgwOTZhYiJ9', '2018-09-05 05:21:53.759261'),
('emdacvosfpahbxnaxkdy3wekjua5oead', 'OTZhMDIwZDFmMWY3Yjc3ZGJjOGU5YzhkZTA3ODI2NjZiMjk1MjYxMzp7Il9hdXRoX3VzZXJfaWQiOiIyMyIsIl9hdXRoX3VzZXJfYmFja2VuZCI6ImRqYW5nby5jb250cmliLmF1dGguYmFja2VuZHMuTW9kZWxCYWNrZW5kIiwiX2F1dGhfdXNlcl9oYXNoIjoiZTZjYTgzNGViNGExNGQ2MDJlMzIyOGYxMTE5YzliMWU0MmQyYTRhMyJ9', '2018-08-29 13:42:29.342908'),
('eoj62d0nm3oio0y4u1s348mbmyr76k66', 'OTZhMDIwZDFmMWY3Yjc3ZGJjOGU5YzhkZTA3ODI2NjZiMjk1MjYxMzp7Il9hdXRoX3VzZXJfaWQiOiIyMyIsIl9hdXRoX3VzZXJfYmFja2VuZCI6ImRqYW5nby5jb250cmliLmF1dGguYmFja2VuZHMuTW9kZWxCYWNrZW5kIiwiX2F1dGhfdXNlcl9oYXNoIjoiZTZjYTgzNGViNGExNGQ2MDJlMzIyOGYxMTE5YzliMWU0MmQyYTRhMyJ9', '2018-09-03 17:41:27.872258'),
('eq4pb6qvglav87miqsnqdpaf101b4l9h', 'OTZhMDIwZDFmMWY3Yjc3ZGJjOGU5YzhkZTA3ODI2NjZiMjk1MjYxMzp7Il9hdXRoX3VzZXJfaWQiOiIyMyIsIl9hdXRoX3VzZXJfYmFja2VuZCI6ImRqYW5nby5jb250cmliLmF1dGguYmFja2VuZHMuTW9kZWxCYWNrZW5kIiwiX2F1dGhfdXNlcl9oYXNoIjoiZTZjYTgzNGViNGExNGQ2MDJlMzIyOGYxMTE5YzliMWU0MmQyYTRhMyJ9', '2018-09-04 12:11:52.430625'),
('eria9pnluu9fh18oydflr4n830tq2b1u', 'ZDJmNDE0MTFhMGNlNzEzMjYzMzZkZjAwOGQxMGI4MDAzYTRjYzg1YTp7Il9hdXRoX3VzZXJfaWQiOiIxNSIsIl9hdXRoX3VzZXJfYmFja2VuZCI6ImRqYW5nby5jb250cmliLmF1dGguYmFja2VuZHMuTW9kZWxCYWNrZW5kIiwiX2F1dGhfdXNlcl9oYXNoIjoiNzkxYjk4MGIwN2M0M2FhZGNiMDk2ZjhhYjZlZjczMTY2OTgwOTZhYiJ9', '2018-08-29 09:48:43.916781'),
('f132f6xouz7m5v82dzqhajjquz4qpxdl', 'OTZhMDIwZDFmMWY3Yjc3ZGJjOGU5YzhkZTA3ODI2NjZiMjk1MjYxMzp7Il9hdXRoX3VzZXJfaWQiOiIyMyIsIl9hdXRoX3VzZXJfYmFja2VuZCI6ImRqYW5nby5jb250cmliLmF1dGguYmFja2VuZHMuTW9kZWxCYWNrZW5kIiwiX2F1dGhfdXNlcl9oYXNoIjoiZTZjYTgzNGViNGExNGQ2MDJlMzIyOGYxMTE5YzliMWU0MmQyYTRhMyJ9', '2018-08-31 09:44:15.797201'),
('f1fgwz8pvfjzn8a77f1ogo55v65hb7kv', 'ZDJmNDE0MTFhMGNlNzEzMjYzMzZkZjAwOGQxMGI4MDAzYTRjYzg1YTp7Il9hdXRoX3VzZXJfaWQiOiIxNSIsIl9hdXRoX3VzZXJfYmFja2VuZCI6ImRqYW5nby5jb250cmliLmF1dGguYmFja2VuZHMuTW9kZWxCYWNrZW5kIiwiX2F1dGhfdXNlcl9oYXNoIjoiNzkxYjk4MGIwN2M0M2FhZGNiMDk2ZjhhYjZlZjczMTY2OTgwOTZhYiJ9', '2018-08-28 15:24:01.654857'),
('f1wa8pwhmqot61uz6mvw2yynk3ajz2gg', 'ZDJmNDE0MTFhMGNlNzEzMjYzMzZkZjAwOGQxMGI4MDAzYTRjYzg1YTp7Il9hdXRoX3VzZXJfaWQiOiIxNSIsIl9hdXRoX3VzZXJfYmFja2VuZCI6ImRqYW5nby5jb250cmliLmF1dGguYmFja2VuZHMuTW9kZWxCYWNrZW5kIiwiX2F1dGhfdXNlcl9oYXNoIjoiNzkxYjk4MGIwN2M0M2FhZGNiMDk2ZjhhYjZlZjczMTY2OTgwOTZhYiJ9', '2018-09-05 05:01:38.266049'),
('f968dal6h6uat1h3ig36euydtom23ghq', 'ZDJmNDE0MTFhMGNlNzEzMjYzMzZkZjAwOGQxMGI4MDAzYTRjYzg1YTp7Il9hdXRoX3VzZXJfaWQiOiIxNSIsIl9hdXRoX3VzZXJfYmFja2VuZCI6ImRqYW5nby5jb250cmliLmF1dGguYmFja2VuZHMuTW9kZWxCYWNrZW5kIiwiX2F1dGhfdXNlcl9oYXNoIjoiNzkxYjk4MGIwN2M0M2FhZGNiMDk2ZjhhYjZlZjczMTY2OTgwOTZhYiJ9', '2018-09-05 05:31:25.640356'),
('fhrlz869mybngif03akki7agajyuf1yf', 'N2UwOWQwM2I0ZDY3MTZjNjUwMTI1ZjVkZmEzZWNiOGRjZDYyMDg2OTp7Il9hdXRoX3VzZXJfaWQiOiIyNCIsIl9hdXRoX3VzZXJfYmFja2VuZCI6ImRqYW5nby5jb250cmliLmF1dGguYmFja2VuZHMuTW9kZWxCYWNrZW5kIiwiX2F1dGhfdXNlcl9oYXNoIjoiMWVjOTAwNmQ1NmZmOGNiYmQ4ZDhmYmQxYjVlYWVhYjJiMmFhZGY3NSJ9', '2018-09-07 09:13:37.759327'),
('fkups44k0shtnus8ykbwuy8ft4hi5426', 'OTZhMDIwZDFmMWY3Yjc3ZGJjOGU5YzhkZTA3ODI2NjZiMjk1MjYxMzp7Il9hdXRoX3VzZXJfaWQiOiIyMyIsIl9hdXRoX3VzZXJfYmFja2VuZCI6ImRqYW5nby5jb250cmliLmF1dGguYmFja2VuZHMuTW9kZWxCYWNrZW5kIiwiX2F1dGhfdXNlcl9oYXNoIjoiZTZjYTgzNGViNGExNGQ2MDJlMzIyOGYxMTE5YzliMWU0MmQyYTRhMyJ9', '2018-09-06 03:08:45.461036'),
('fr4n99l974ccwwtwx42nh9uf84td9lvh', 'OTZhMDIwZDFmMWY3Yjc3ZGJjOGU5YzhkZTA3ODI2NjZiMjk1MjYxMzp7Il9hdXRoX3VzZXJfaWQiOiIyMyIsIl9hdXRoX3VzZXJfYmFja2VuZCI6ImRqYW5nby5jb250cmliLmF1dGguYmFja2VuZHMuTW9kZWxCYWNrZW5kIiwiX2F1dGhfdXNlcl9oYXNoIjoiZTZjYTgzNGViNGExNGQ2MDJlMzIyOGYxMTE5YzliMWU0MmQyYTRhMyJ9', '2018-09-07 03:25:24.108585'),
('fvgnibsvbmksnnv6mkpuucq9rlp5c84o', 'OTZhMDIwZDFmMWY3Yjc3ZGJjOGU5YzhkZTA3ODI2NjZiMjk1MjYxMzp7Il9hdXRoX3VzZXJfaWQiOiIyMyIsIl9hdXRoX3VzZXJfYmFja2VuZCI6ImRqYW5nby5jb250cmliLmF1dGguYmFja2VuZHMuTW9kZWxCYWNrZW5kIiwiX2F1dGhfdXNlcl9oYXNoIjoiZTZjYTgzNGViNGExNGQ2MDJlMzIyOGYxMTE5YzliMWU0MmQyYTRhMyJ9', '2018-09-03 17:38:13.081673'),
('fwneua3t7hqvr3p7ohgmx8d3b62gnwiv', 'ZDJmNDE0MTFhMGNlNzEzMjYzMzZkZjAwOGQxMGI4MDAzYTRjYzg1YTp7Il9hdXRoX3VzZXJfaWQiOiIxNSIsIl9hdXRoX3VzZXJfYmFja2VuZCI6ImRqYW5nby5jb250cmliLmF1dGguYmFja2VuZHMuTW9kZWxCYWNrZW5kIiwiX2F1dGhfdXNlcl9oYXNoIjoiNzkxYjk4MGIwN2M0M2FhZGNiMDk2ZjhhYjZlZjczMTY2OTgwOTZhYiJ9', '2018-09-07 18:48:29.952534'),
('fydrmp15sehktoad9t0ctmth0dakfn4v', 'ZDJmNDE0MTFhMGNlNzEzMjYzMzZkZjAwOGQxMGI4MDAzYTRjYzg1YTp7Il9hdXRoX3VzZXJfaWQiOiIxNSIsIl9hdXRoX3VzZXJfYmFja2VuZCI6ImRqYW5nby5jb250cmliLmF1dGguYmFja2VuZHMuTW9kZWxCYWNrZW5kIiwiX2F1dGhfdXNlcl9oYXNoIjoiNzkxYjk4MGIwN2M0M2FhZGNiMDk2ZjhhYjZlZjczMTY2OTgwOTZhYiJ9', '2018-08-27 07:17:02.229026'),
('gg18xti2ldhmytpzs0zsnhq6pxccyuw4', 'OTZhMDIwZDFmMWY3Yjc3ZGJjOGU5YzhkZTA3ODI2NjZiMjk1MjYxMzp7Il9hdXRoX3VzZXJfaWQiOiIyMyIsIl9hdXRoX3VzZXJfYmFja2VuZCI6ImRqYW5nby5jb250cmliLmF1dGguYmFja2VuZHMuTW9kZWxCYWNrZW5kIiwiX2F1dGhfdXNlcl9oYXNoIjoiZTZjYTgzNGViNGExNGQ2MDJlMzIyOGYxMTE5YzliMWU0MmQyYTRhMyJ9', '2018-08-31 10:10:08.029842'),
('gow42apdivaq55tbyzgkbfxd0v13pwgs', 'OTZhMDIwZDFmMWY3Yjc3ZGJjOGU5YzhkZTA3ODI2NjZiMjk1MjYxMzp7Il9hdXRoX3VzZXJfaWQiOiIyMyIsIl9hdXRoX3VzZXJfYmFja2VuZCI6ImRqYW5nby5jb250cmliLmF1dGguYmFja2VuZHMuTW9kZWxCYWNrZW5kIiwiX2F1dGhfdXNlcl9oYXNoIjoiZTZjYTgzNGViNGExNGQ2MDJlMzIyOGYxMTE5YzliMWU0MmQyYTRhMyJ9', '2018-08-31 21:08:59.711186'),
('gxar7bd2hsrvrv31rrhgovcrx1q7orw6', 'N2UwOWQwM2I0ZDY3MTZjNjUwMTI1ZjVkZmEzZWNiOGRjZDYyMDg2OTp7Il9hdXRoX3VzZXJfaWQiOiIyNCIsIl9hdXRoX3VzZXJfYmFja2VuZCI6ImRqYW5nby5jb250cmliLmF1dGguYmFja2VuZHMuTW9kZWxCYWNrZW5kIiwiX2F1dGhfdXNlcl9oYXNoIjoiMWVjOTAwNmQ1NmZmOGNiYmQ4ZDhmYmQxYjVlYWVhYjJiMmFhZGY3NSJ9', '2018-09-06 12:44:08.810048'),
('h35u76yeej9emxa13kflutlx7age8oef', 'ZDJmNDE0MTFhMGNlNzEzMjYzMzZkZjAwOGQxMGI4MDAzYTRjYzg1YTp7Il9hdXRoX3VzZXJfaWQiOiIxNSIsIl9hdXRoX3VzZXJfYmFja2VuZCI6ImRqYW5nby5jb250cmliLmF1dGguYmFja2VuZHMuTW9kZWxCYWNrZW5kIiwiX2F1dGhfdXNlcl9oYXNoIjoiNzkxYjk4MGIwN2M0M2FhZGNiMDk2ZjhhYjZlZjczMTY2OTgwOTZhYiJ9', '2018-09-05 10:23:07.123706'),
('h5ek2imj8pi6y8o70qhflbgw1aruykcy', 'ZDJmNDE0MTFhMGNlNzEzMjYzMzZkZjAwOGQxMGI4MDAzYTRjYzg1YTp7Il9hdXRoX3VzZXJfaWQiOiIxNSIsIl9hdXRoX3VzZXJfYmFja2VuZCI6ImRqYW5nby5jb250cmliLmF1dGguYmFja2VuZHMuTW9kZWxCYWNrZW5kIiwiX2F1dGhfdXNlcl9oYXNoIjoiNzkxYjk4MGIwN2M0M2FhZGNiMDk2ZjhhYjZlZjczMTY2OTgwOTZhYiJ9', '2018-08-29 13:10:02.261093'),
('h7s7endvsipzn7dambiesg7c7ytxavwu', 'N2UwOWQwM2I0ZDY3MTZjNjUwMTI1ZjVkZmEzZWNiOGRjZDYyMDg2OTp7Il9hdXRoX3VzZXJfaWQiOiIyNCIsIl9hdXRoX3VzZXJfYmFja2VuZCI6ImRqYW5nby5jb250cmliLmF1dGguYmFja2VuZHMuTW9kZWxCYWNrZW5kIiwiX2F1dGhfdXNlcl9oYXNoIjoiMWVjOTAwNmQ1NmZmOGNiYmQ4ZDhmYmQxYjVlYWVhYjJiMmFhZGY3NSJ9', '2018-09-07 05:20:21.860166'),
('h8asbzes3gbkdri9wrh1cci3u6ctw5v0', 'ZjNlZjRmZmRiYzZiNDU0ZTYwOGU2YjlhMmI2NTYyYTkzOWM1Y2U5ODp7Il9hdXRoX3VzZXJfaWQiOiIxIiwiX2F1dGhfdXNlcl9iYWNrZW5kIjoiZGphbmdvLmNvbnRyaWIuYXV0aC5iYWNrZW5kcy5Nb2RlbEJhY2tlbmQiLCJfYXV0aF91c2VyX2hhc2giOiI3MTg5NTY0MDM3NTRmM2FiNGYxMWNjZDFjNjEyZWU5OWFmOGVjZjZmIn0=', '2018-09-07 13:59:57.260410'),
('hi6wxwcvb01gs3vpyd78izi183me0d02', 'OTZhMDIwZDFmMWY3Yjc3ZGJjOGU5YzhkZTA3ODI2NjZiMjk1MjYxMzp7Il9hdXRoX3VzZXJfaWQiOiIyMyIsIl9hdXRoX3VzZXJfYmFja2VuZCI6ImRqYW5nby5jb250cmliLmF1dGguYmFja2VuZHMuTW9kZWxCYWNrZW5kIiwiX2F1dGhfdXNlcl9oYXNoIjoiZTZjYTgzNGViNGExNGQ2MDJlMzIyOGYxMTE5YzliMWU0MmQyYTRhMyJ9', '2018-09-05 03:24:50.153666'),
('hixkss8z2yirr3d8vcrz25hs8b13gu3o', 'OTZhMDIwZDFmMWY3Yjc3ZGJjOGU5YzhkZTA3ODI2NjZiMjk1MjYxMzp7Il9hdXRoX3VzZXJfaWQiOiIyMyIsIl9hdXRoX3VzZXJfYmFja2VuZCI6ImRqYW5nby5jb250cmliLmF1dGguYmFja2VuZHMuTW9kZWxCYWNrZW5kIiwiX2F1dGhfdXNlcl9oYXNoIjoiZTZjYTgzNGViNGExNGQ2MDJlMzIyOGYxMTE5YzliMWU0MmQyYTRhMyJ9', '2018-09-03 14:36:31.802636'),
('hkt15i2cug6fsyc1inzlmpd70gqst2y7', 'ZDJmNDE0MTFhMGNlNzEzMjYzMzZkZjAwOGQxMGI4MDAzYTRjYzg1YTp7Il9hdXRoX3VzZXJfaWQiOiIxNSIsIl9hdXRoX3VzZXJfYmFja2VuZCI6ImRqYW5nby5jb250cmliLmF1dGguYmFja2VuZHMuTW9kZWxCYWNrZW5kIiwiX2F1dGhfdXNlcl9oYXNoIjoiNzkxYjk4MGIwN2M0M2FhZGNiMDk2ZjhhYjZlZjczMTY2OTgwOTZhYiJ9', '2018-08-27 07:32:58.706160'),
('hq5rphjyx3jmm4wf5ybp3i4025xbdk8q', 'OTZhMDIwZDFmMWY3Yjc3ZGJjOGU5YzhkZTA3ODI2NjZiMjk1MjYxMzp7Il9hdXRoX3VzZXJfaWQiOiIyMyIsIl9hdXRoX3VzZXJfYmFja2VuZCI6ImRqYW5nby5jb250cmliLmF1dGguYmFja2VuZHMuTW9kZWxCYWNrZW5kIiwiX2F1dGhfdXNlcl9oYXNoIjoiZTZjYTgzNGViNGExNGQ2MDJlMzIyOGYxMTE5YzliMWU0MmQyYTRhMyJ9', '2018-08-28 14:19:14.353735'),
('hxd5vfdbm46gpnlh0xuiuwust9ss860y', 'ZDJmNDE0MTFhMGNlNzEzMjYzMzZkZjAwOGQxMGI4MDAzYTRjYzg1YTp7Il9hdXRoX3VzZXJfaWQiOiIxNSIsIl9hdXRoX3VzZXJfYmFja2VuZCI6ImRqYW5nby5jb250cmliLmF1dGguYmFja2VuZHMuTW9kZWxCYWNrZW5kIiwiX2F1dGhfdXNlcl9oYXNoIjoiNzkxYjk4MGIwN2M0M2FhZGNiMDk2ZjhhYjZlZjczMTY2OTgwOTZhYiJ9', '2018-08-31 06:02:44.990007'),
('i14dlwt5jjztqcx740ingmgdre8vnhr8', 'ZDJmNDE0MTFhMGNlNzEzMjYzMzZkZjAwOGQxMGI4MDAzYTRjYzg1YTp7Il9hdXRoX3VzZXJfaWQiOiIxNSIsIl9hdXRoX3VzZXJfYmFja2VuZCI6ImRqYW5nby5jb250cmliLmF1dGguYmFja2VuZHMuTW9kZWxCYWNrZW5kIiwiX2F1dGhfdXNlcl9oYXNoIjoiNzkxYjk4MGIwN2M0M2FhZGNiMDk2ZjhhYjZlZjczMTY2OTgwOTZhYiJ9', '2018-09-09 13:48:37.407817'),
('i1ohaign1tvvpgxted1i3kv4ipfhqhcz', 'OTZhMDIwZDFmMWY3Yjc3ZGJjOGU5YzhkZTA3ODI2NjZiMjk1MjYxMzp7Il9hdXRoX3VzZXJfaWQiOiIyMyIsIl9hdXRoX3VzZXJfYmFja2VuZCI6ImRqYW5nby5jb250cmliLmF1dGguYmFja2VuZHMuTW9kZWxCYWNrZW5kIiwiX2F1dGhfdXNlcl9oYXNoIjoiZTZjYTgzNGViNGExNGQ2MDJlMzIyOGYxMTE5YzliMWU0MmQyYTRhMyJ9', '2018-09-03 04:55:36.921604'),
('i28uihdgsyxw5sz72l2ximk0ax6jj6r8', 'ZDJmNDE0MTFhMGNlNzEzMjYzMzZkZjAwOGQxMGI4MDAzYTRjYzg1YTp7Il9hdXRoX3VzZXJfaWQiOiIxNSIsIl9hdXRoX3VzZXJfYmFja2VuZCI6ImRqYW5nby5jb250cmliLmF1dGguYmFja2VuZHMuTW9kZWxCYWNrZW5kIiwiX2F1dGhfdXNlcl9oYXNoIjoiNzkxYjk4MGIwN2M0M2FhZGNiMDk2ZjhhYjZlZjczMTY2OTgwOTZhYiJ9', '2018-08-27 07:33:51.537265'),
('i4t620lm36cz483ujrseybd3hqtahs4b', 'OTZhMDIwZDFmMWY3Yjc3ZGJjOGU5YzhkZTA3ODI2NjZiMjk1MjYxMzp7Il9hdXRoX3VzZXJfaWQiOiIyMyIsIl9hdXRoX3VzZXJfYmFja2VuZCI6ImRqYW5nby5jb250cmliLmF1dGguYmFja2VuZHMuTW9kZWxCYWNrZW5kIiwiX2F1dGhfdXNlcl9oYXNoIjoiZTZjYTgzNGViNGExNGQ2MDJlMzIyOGYxMTE5YzliMWU0MmQyYTRhMyJ9', '2018-09-07 15:56:36.476940'),
('ia4o0i5xjj8cxs8hs6512a4ajry93eqh', 'OTZhMDIwZDFmMWY3Yjc3ZGJjOGU5YzhkZTA3ODI2NjZiMjk1MjYxMzp7Il9hdXRoX3VzZXJfaWQiOiIyMyIsIl9hdXRoX3VzZXJfYmFja2VuZCI6ImRqYW5nby5jb250cmliLmF1dGguYmFja2VuZHMuTW9kZWxCYWNrZW5kIiwiX2F1dGhfdXNlcl9oYXNoIjoiZTZjYTgzNGViNGExNGQ2MDJlMzIyOGYxMTE5YzliMWU0MmQyYTRhMyJ9', '2018-09-08 02:27:19.880534'),
('iaiws8vjrru1j3efrol0670hwcyth7ty', 'OTZhMDIwZDFmMWY3Yjc3ZGJjOGU5YzhkZTA3ODI2NjZiMjk1MjYxMzp7Il9hdXRoX3VzZXJfaWQiOiIyMyIsIl9hdXRoX3VzZXJfYmFja2VuZCI6ImRqYW5nby5jb250cmliLmF1dGguYmFja2VuZHMuTW9kZWxCYWNrZW5kIiwiX2F1dGhfdXNlcl9oYXNoIjoiZTZjYTgzNGViNGExNGQ2MDJlMzIyOGYxMTE5YzliMWU0MmQyYTRhMyJ9', '2018-08-28 12:44:32.050450'),
('ieskucirsm3v3liwvaz3cas63zua6bat', 'OTZhMDIwZDFmMWY3Yjc3ZGJjOGU5YzhkZTA3ODI2NjZiMjk1MjYxMzp7Il9hdXRoX3VzZXJfaWQiOiIyMyIsIl9hdXRoX3VzZXJfYmFja2VuZCI6ImRqYW5nby5jb250cmliLmF1dGguYmFja2VuZHMuTW9kZWxCYWNrZW5kIiwiX2F1dGhfdXNlcl9oYXNoIjoiZTZjYTgzNGViNGExNGQ2MDJlMzIyOGYxMTE5YzliMWU0MmQyYTRhMyJ9', '2018-08-29 03:19:24.398753'),
('ipvyy9pwsw40hxk84dbuajjj8w4j7a95', 'ZDJmNDE0MTFhMGNlNzEzMjYzMzZkZjAwOGQxMGI4MDAzYTRjYzg1YTp7Il9hdXRoX3VzZXJfaWQiOiIxNSIsIl9hdXRoX3VzZXJfYmFja2VuZCI6ImRqYW5nby5jb250cmliLmF1dGguYmFja2VuZHMuTW9kZWxCYWNrZW5kIiwiX2F1dGhfdXNlcl9oYXNoIjoiNzkxYjk4MGIwN2M0M2FhZGNiMDk2ZjhhYjZlZjczMTY2OTgwOTZhYiJ9', '2018-09-04 04:52:30.321034'),
('ixk65r2gdy0j5dvk4rr6v2afvem58m74', 'OTZhMDIwZDFmMWY3Yjc3ZGJjOGU5YzhkZTA3ODI2NjZiMjk1MjYxMzp7Il9hdXRoX3VzZXJfaWQiOiIyMyIsIl9hdXRoX3VzZXJfYmFja2VuZCI6ImRqYW5nby5jb250cmliLmF1dGguYmFja2VuZHMuTW9kZWxCYWNrZW5kIiwiX2F1dGhfdXNlcl9oYXNoIjoiZTZjYTgzNGViNGExNGQ2MDJlMzIyOGYxMTE5YzliMWU0MmQyYTRhMyJ9', '2018-09-04 04:50:56.785319'),
('iz5sxr5js1kej2596a0i4a3g2ehgcygk', 'ZDJmNDE0MTFhMGNlNzEzMjYzMzZkZjAwOGQxMGI4MDAzYTRjYzg1YTp7Il9hdXRoX3VzZXJfaWQiOiIxNSIsIl9hdXRoX3VzZXJfYmFja2VuZCI6ImRqYW5nby5jb250cmliLmF1dGguYmFja2VuZHMuTW9kZWxCYWNrZW5kIiwiX2F1dGhfdXNlcl9oYXNoIjoiNzkxYjk4MGIwN2M0M2FhZGNiMDk2ZjhhYjZlZjczMTY2OTgwOTZhYiJ9', '2018-08-31 08:53:05.807045'),
('j22tmyrrmq5kqse3u0c3ufvysved8i8f', 'OTZhMDIwZDFmMWY3Yjc3ZGJjOGU5YzhkZTA3ODI2NjZiMjk1MjYxMzp7Il9hdXRoX3VzZXJfaWQiOiIyMyIsIl9hdXRoX3VzZXJfYmFja2VuZCI6ImRqYW5nby5jb250cmliLmF1dGguYmFja2VuZHMuTW9kZWxCYWNrZW5kIiwiX2F1dGhfdXNlcl9oYXNoIjoiZTZjYTgzNGViNGExNGQ2MDJlMzIyOGYxMTE5YzliMWU0MmQyYTRhMyJ9', '2018-08-27 15:44:08.143755'),
('j4qff9ddnemq2n55rrqrdsfeps5u25m6', 'ZDJmNDE0MTFhMGNlNzEzMjYzMzZkZjAwOGQxMGI4MDAzYTRjYzg1YTp7Il9hdXRoX3VzZXJfaWQiOiIxNSIsIl9hdXRoX3VzZXJfYmFja2VuZCI6ImRqYW5nby5jb250cmliLmF1dGguYmFja2VuZHMuTW9kZWxCYWNrZW5kIiwiX2F1dGhfdXNlcl9oYXNoIjoiNzkxYjk4MGIwN2M0M2FhZGNiMDk2ZjhhYjZlZjczMTY2OTgwOTZhYiJ9', '2018-08-31 12:12:17.143823'),
('j70l1ix91e3kikuk84c95xhxmf2ppho9', 'ZDJmNDE0MTFhMGNlNzEzMjYzMzZkZjAwOGQxMGI4MDAzYTRjYzg1YTp7Il9hdXRoX3VzZXJfaWQiOiIxNSIsIl9hdXRoX3VzZXJfYmFja2VuZCI6ImRqYW5nby5jb250cmliLmF1dGguYmFja2VuZHMuTW9kZWxCYWNrZW5kIiwiX2F1dGhfdXNlcl9oYXNoIjoiNzkxYjk4MGIwN2M0M2FhZGNiMDk2ZjhhYjZlZjczMTY2OTgwOTZhYiJ9', '2018-08-27 08:43:14.156180'),
('jd805u7c1qupfmjivdbyrgua6aek6mka', 'OTZhMDIwZDFmMWY3Yjc3ZGJjOGU5YzhkZTA3ODI2NjZiMjk1MjYxMzp7Il9hdXRoX3VzZXJfaWQiOiIyMyIsIl9hdXRoX3VzZXJfYmFja2VuZCI6ImRqYW5nby5jb250cmliLmF1dGguYmFja2VuZHMuTW9kZWxCYWNrZW5kIiwiX2F1dGhfdXNlcl9oYXNoIjoiZTZjYTgzNGViNGExNGQ2MDJlMzIyOGYxMTE5YzliMWU0MmQyYTRhMyJ9', '2018-09-04 04:55:29.381318'),
('jq2to3gorxixnc851eciktzkcwcnkn4u', 'ZDJmNDE0MTFhMGNlNzEzMjYzMzZkZjAwOGQxMGI4MDAzYTRjYzg1YTp7Il9hdXRoX3VzZXJfaWQiOiIxNSIsIl9hdXRoX3VzZXJfYmFja2VuZCI6ImRqYW5nby5jb250cmliLmF1dGguYmFja2VuZHMuTW9kZWxCYWNrZW5kIiwiX2F1dGhfdXNlcl9oYXNoIjoiNzkxYjk4MGIwN2M0M2FhZGNiMDk2ZjhhYjZlZjczMTY2OTgwOTZhYiJ9', '2018-09-04 09:57:20.697898'),
('jsqy6p168ttswsy050tt641kofi3ow28', 'OTZhMDIwZDFmMWY3Yjc3ZGJjOGU5YzhkZTA3ODI2NjZiMjk1MjYxMzp7Il9hdXRoX3VzZXJfaWQiOiIyMyIsIl9hdXRoX3VzZXJfYmFja2VuZCI6ImRqYW5nby5jb250cmliLmF1dGguYmFja2VuZHMuTW9kZWxCYWNrZW5kIiwiX2F1dGhfdXNlcl9oYXNoIjoiZTZjYTgzNGViNGExNGQ2MDJlMzIyOGYxMTE5YzliMWU0MmQyYTRhMyJ9', '2018-08-28 09:40:04.133730'),
('jtrzg2gouozbkolgzvyl3sgxbikamvkp', 'ZDJmNDE0MTFhMGNlNzEzMjYzMzZkZjAwOGQxMGI4MDAzYTRjYzg1YTp7Il9hdXRoX3VzZXJfaWQiOiIxNSIsIl9hdXRoX3VzZXJfYmFja2VuZCI6ImRqYW5nby5jb250cmliLmF1dGguYmFja2VuZHMuTW9kZWxCYWNrZW5kIiwiX2F1dGhfdXNlcl9oYXNoIjoiNzkxYjk4MGIwN2M0M2FhZGNiMDk2ZjhhYjZlZjczMTY2OTgwOTZhYiJ9', '2018-09-04 12:00:37.316532'),
('jufybedreqgsnxog5bcaxlklk94ublca', 'ZDJmNDE0MTFhMGNlNzEzMjYzMzZkZjAwOGQxMGI4MDAzYTRjYzg1YTp7Il9hdXRoX3VzZXJfaWQiOiIxNSIsIl9hdXRoX3VzZXJfYmFja2VuZCI6ImRqYW5nby5jb250cmliLmF1dGguYmFja2VuZHMuTW9kZWxCYWNrZW5kIiwiX2F1dGhfdXNlcl9oYXNoIjoiNzkxYjk4MGIwN2M0M2FhZGNiMDk2ZjhhYjZlZjczMTY2OTgwOTZhYiJ9', '2018-09-05 10:26:41.876772'),
('jwzn40wgak6s20xs2p6pdiwa5wnvs28c', 'OTZhMDIwZDFmMWY3Yjc3ZGJjOGU5YzhkZTA3ODI2NjZiMjk1MjYxMzp7Il9hdXRoX3VzZXJfaWQiOiIyMyIsIl9hdXRoX3VzZXJfYmFja2VuZCI6ImRqYW5nby5jb250cmliLmF1dGguYmFja2VuZHMuTW9kZWxCYWNrZW5kIiwiX2F1dGhfdXNlcl9oYXNoIjoiZTZjYTgzNGViNGExNGQ2MDJlMzIyOGYxMTE5YzliMWU0MmQyYTRhMyJ9', '2018-08-30 04:22:53.829881'),
('jyjjjyqk96ax9trbb7ip7aaqz5nlh719', 'ZDJmNDE0MTFhMGNlNzEzMjYzMzZkZjAwOGQxMGI4MDAzYTRjYzg1YTp7Il9hdXRoX3VzZXJfaWQiOiIxNSIsIl9hdXRoX3VzZXJfYmFja2VuZCI6ImRqYW5nby5jb250cmliLmF1dGguYmFja2VuZHMuTW9kZWxCYWNrZW5kIiwiX2F1dGhfdXNlcl9oYXNoIjoiNzkxYjk4MGIwN2M0M2FhZGNiMDk2ZjhhYjZlZjczMTY2OTgwOTZhYiJ9', '2018-09-05 10:36:31.244203'),
('k509pcrnm0bt2zc3s6bdwoq1wyepny2r', 'ZDJmNDE0MTFhMGNlNzEzMjYzMzZkZjAwOGQxMGI4MDAzYTRjYzg1YTp7Il9hdXRoX3VzZXJfaWQiOiIxNSIsIl9hdXRoX3VzZXJfYmFja2VuZCI6ImRqYW5nby5jb250cmliLmF1dGguYmFja2VuZHMuTW9kZWxCYWNrZW5kIiwiX2F1dGhfdXNlcl9oYXNoIjoiNzkxYjk4MGIwN2M0M2FhZGNiMDk2ZjhhYjZlZjczMTY2OTgwOTZhYiJ9', '2018-08-31 08:47:39.494160'),
('kb8kz0unkr2czzrojcoxvepmsy4tkm29', 'OTZhMDIwZDFmMWY3Yjc3ZGJjOGU5YzhkZTA3ODI2NjZiMjk1MjYxMzp7Il9hdXRoX3VzZXJfaWQiOiIyMyIsIl9hdXRoX3VzZXJfYmFja2VuZCI6ImRqYW5nby5jb250cmliLmF1dGguYmFja2VuZHMuTW9kZWxCYWNrZW5kIiwiX2F1dGhfdXNlcl9oYXNoIjoiZTZjYTgzNGViNGExNGQ2MDJlMzIyOGYxMTE5YzliMWU0MmQyYTRhMyJ9', '2018-08-30 08:06:13.140765'),
('kcsv4d77u55fyphzrs0wjozyn3fxt5h4', 'OTZhMDIwZDFmMWY3Yjc3ZGJjOGU5YzhkZTA3ODI2NjZiMjk1MjYxMzp7Il9hdXRoX3VzZXJfaWQiOiIyMyIsIl9hdXRoX3VzZXJfYmFja2VuZCI6ImRqYW5nby5jb250cmliLmF1dGguYmFja2VuZHMuTW9kZWxCYWNrZW5kIiwiX2F1dGhfdXNlcl9oYXNoIjoiZTZjYTgzNGViNGExNGQ2MDJlMzIyOGYxMTE5YzliMWU0MmQyYTRhMyJ9', '2018-08-29 04:51:24.833096'),
('ko6bv62qdwayh9hlag44ksnx07twvpb7', 'OTZhMDIwZDFmMWY3Yjc3ZGJjOGU5YzhkZTA3ODI2NjZiMjk1MjYxMzp7Il9hdXRoX3VzZXJfaWQiOiIyMyIsIl9hdXRoX3VzZXJfYmFja2VuZCI6ImRqYW5nby5jb250cmliLmF1dGguYmFja2VuZHMuTW9kZWxCYWNrZW5kIiwiX2F1dGhfdXNlcl9oYXNoIjoiZTZjYTgzNGViNGExNGQ2MDJlMzIyOGYxMTE5YzliMWU0MmQyYTRhMyJ9', '2018-09-03 17:40:27.973909'),
('kpdssgq6pxon65al2cps0276j0g7e1xj', 'OTZhMDIwZDFmMWY3Yjc3ZGJjOGU5YzhkZTA3ODI2NjZiMjk1MjYxMzp7Il9hdXRoX3VzZXJfaWQiOiIyMyIsIl9hdXRoX3VzZXJfYmFja2VuZCI6ImRqYW5nby5jb250cmliLmF1dGguYmFja2VuZHMuTW9kZWxCYWNrZW5kIiwiX2F1dGhfdXNlcl9oYXNoIjoiZTZjYTgzNGViNGExNGQ2MDJlMzIyOGYxMTE5YzliMWU0MmQyYTRhMyJ9', '2018-09-04 05:00:26.920006'),
('l3870fmjhp1y1k3a7xisu9qamlzxoh6a', 'OTZhMDIwZDFmMWY3Yjc3ZGJjOGU5YzhkZTA3ODI2NjZiMjk1MjYxMzp7Il9hdXRoX3VzZXJfaWQiOiIyMyIsIl9hdXRoX3VzZXJfYmFja2VuZCI6ImRqYW5nby5jb250cmliLmF1dGguYmFja2VuZHMuTW9kZWxCYWNrZW5kIiwiX2F1dGhfdXNlcl9oYXNoIjoiZTZjYTgzNGViNGExNGQ2MDJlMzIyOGYxMTE5YzliMWU0MmQyYTRhMyJ9', '2018-09-04 17:07:22.393241'),
('lffgchwr340blbre1zoexkbiic0e6zlg', 'OTZhMDIwZDFmMWY3Yjc3ZGJjOGU5YzhkZTA3ODI2NjZiMjk1MjYxMzp7Il9hdXRoX3VzZXJfaWQiOiIyMyIsIl9hdXRoX3VzZXJfYmFja2VuZCI6ImRqYW5nby5jb250cmliLmF1dGguYmFja2VuZHMuTW9kZWxCYWNrZW5kIiwiX2F1dGhfdXNlcl9oYXNoIjoiZTZjYTgzNGViNGExNGQ2MDJlMzIyOGYxMTE5YzliMWU0MmQyYTRhMyJ9', '2018-08-27 08:39:30.840765'),
('m0ccab5aajetsyoy9j943t5o6yneb4ji', 'ZDJmNDE0MTFhMGNlNzEzMjYzMzZkZjAwOGQxMGI4MDAzYTRjYzg1YTp7Il9hdXRoX3VzZXJfaWQiOiIxNSIsIl9hdXRoX3VzZXJfYmFja2VuZCI6ImRqYW5nby5jb250cmliLmF1dGguYmFja2VuZHMuTW9kZWxCYWNrZW5kIiwiX2F1dGhfdXNlcl9oYXNoIjoiNzkxYjk4MGIwN2M0M2FhZGNiMDk2ZjhhYjZlZjczMTY2OTgwOTZhYiJ9', '2018-08-28 05:55:25.226607'),
('m18fasrxxd2at42tfiobss3sh53up3we', 'OTZhMDIwZDFmMWY3Yjc3ZGJjOGU5YzhkZTA3ODI2NjZiMjk1MjYxMzp7Il9hdXRoX3VzZXJfaWQiOiIyMyIsIl9hdXRoX3VzZXJfYmFja2VuZCI6ImRqYW5nby5jb250cmliLmF1dGguYmFja2VuZHMuTW9kZWxCYWNrZW5kIiwiX2F1dGhfdXNlcl9oYXNoIjoiZTZjYTgzNGViNGExNGQ2MDJlMzIyOGYxMTE5YzliMWU0MmQyYTRhMyJ9', '2018-09-06 13:25:38.201926'),
('m53d3nhzamlwpwcdrmfl3fzxaxivcngr', 'ZDJmNDE0MTFhMGNlNzEzMjYzMzZkZjAwOGQxMGI4MDAzYTRjYzg1YTp7Il9hdXRoX3VzZXJfaWQiOiIxNSIsIl9hdXRoX3VzZXJfYmFja2VuZCI6ImRqYW5nby5jb250cmliLmF1dGguYmFja2VuZHMuTW9kZWxCYWNrZW5kIiwiX2F1dGhfdXNlcl9oYXNoIjoiNzkxYjk4MGIwN2M0M2FhZGNiMDk2ZjhhYjZlZjczMTY2OTgwOTZhYiJ9', '2018-09-06 10:25:57.363992'),
('m617vnjxwx1tqabra95cfygjkzvd5err', 'ZDJmNDE0MTFhMGNlNzEzMjYzMzZkZjAwOGQxMGI4MDAzYTRjYzg1YTp7Il9hdXRoX3VzZXJfaWQiOiIxNSIsIl9hdXRoX3VzZXJfYmFja2VuZCI6ImRqYW5nby5jb250cmliLmF1dGguYmFja2VuZHMuTW9kZWxCYWNrZW5kIiwiX2F1dGhfdXNlcl9oYXNoIjoiNzkxYjk4MGIwN2M0M2FhZGNiMDk2ZjhhYjZlZjczMTY2OTgwOTZhYiJ9', '2018-09-05 10:55:54.143694');
INSERT INTO `django_session` (`session_key`, `session_data`, `expire_date`) VALUES
('m6opernhab3zyqwzc7a81csu5srbwtj0', 'ZDJmNDE0MTFhMGNlNzEzMjYzMzZkZjAwOGQxMGI4MDAzYTRjYzg1YTp7Il9hdXRoX3VzZXJfaWQiOiIxNSIsIl9hdXRoX3VzZXJfYmFja2VuZCI6ImRqYW5nby5jb250cmliLmF1dGguYmFja2VuZHMuTW9kZWxCYWNrZW5kIiwiX2F1dGhfdXNlcl9oYXNoIjoiNzkxYjk4MGIwN2M0M2FhZGNiMDk2ZjhhYjZlZjczMTY2OTgwOTZhYiJ9', '2018-08-30 05:56:26.446637'),
('m8ipx9jc22exp3v0q1v3rtrcx1g3vva4', 'OTZhMDIwZDFmMWY3Yjc3ZGJjOGU5YzhkZTA3ODI2NjZiMjk1MjYxMzp7Il9hdXRoX3VzZXJfaWQiOiIyMyIsIl9hdXRoX3VzZXJfYmFja2VuZCI6ImRqYW5nby5jb250cmliLmF1dGguYmFja2VuZHMuTW9kZWxCYWNrZW5kIiwiX2F1dGhfdXNlcl9oYXNoIjoiZTZjYTgzNGViNGExNGQ2MDJlMzIyOGYxMTE5YzliMWU0MmQyYTRhMyJ9', '2018-08-29 05:28:33.204405'),
('m8mjkwivx76x55mucp6oipasiash3rsx', 'ZDJmNDE0MTFhMGNlNzEzMjYzMzZkZjAwOGQxMGI4MDAzYTRjYzg1YTp7Il9hdXRoX3VzZXJfaWQiOiIxNSIsIl9hdXRoX3VzZXJfYmFja2VuZCI6ImRqYW5nby5jb250cmliLmF1dGguYmFja2VuZHMuTW9kZWxCYWNrZW5kIiwiX2F1dGhfdXNlcl9oYXNoIjoiNzkxYjk4MGIwN2M0M2FhZGNiMDk2ZjhhYjZlZjczMTY2OTgwOTZhYiJ9', '2018-09-05 10:05:57.881720'),
('mbx8jblsqkj318tmw8r8zswvkz48vywm', 'OTZhMDIwZDFmMWY3Yjc3ZGJjOGU5YzhkZTA3ODI2NjZiMjk1MjYxMzp7Il9hdXRoX3VzZXJfaWQiOiIyMyIsIl9hdXRoX3VzZXJfYmFja2VuZCI6ImRqYW5nby5jb250cmliLmF1dGguYmFja2VuZHMuTW9kZWxCYWNrZW5kIiwiX2F1dGhfdXNlcl9oYXNoIjoiZTZjYTgzNGViNGExNGQ2MDJlMzIyOGYxMTE5YzliMWU0MmQyYTRhMyJ9', '2018-08-30 08:33:37.178074'),
('mkrj6l356n4t55txoobapea23czme773', 'ZDJmNDE0MTFhMGNlNzEzMjYzMzZkZjAwOGQxMGI4MDAzYTRjYzg1YTp7Il9hdXRoX3VzZXJfaWQiOiIxNSIsIl9hdXRoX3VzZXJfYmFja2VuZCI6ImRqYW5nby5jb250cmliLmF1dGguYmFja2VuZHMuTW9kZWxCYWNrZW5kIiwiX2F1dGhfdXNlcl9oYXNoIjoiNzkxYjk4MGIwN2M0M2FhZGNiMDk2ZjhhYjZlZjczMTY2OTgwOTZhYiJ9', '2018-09-06 09:55:33.605576'),
('mp6bu674h5my4frm0o8igbhcqkznltq1', 'ZDJmNDE0MTFhMGNlNzEzMjYzMzZkZjAwOGQxMGI4MDAzYTRjYzg1YTp7Il9hdXRoX3VzZXJfaWQiOiIxNSIsIl9hdXRoX3VzZXJfYmFja2VuZCI6ImRqYW5nby5jb250cmliLmF1dGguYmFja2VuZHMuTW9kZWxCYWNrZW5kIiwiX2F1dGhfdXNlcl9oYXNoIjoiNzkxYjk4MGIwN2M0M2FhZGNiMDk2ZjhhYjZlZjczMTY2OTgwOTZhYiJ9', '2018-08-29 09:11:02.481573'),
('n0qg42e78tx3vu11g644cuqf139qe3w1', 'OTZhMDIwZDFmMWY3Yjc3ZGJjOGU5YzhkZTA3ODI2NjZiMjk1MjYxMzp7Il9hdXRoX3VzZXJfaWQiOiIyMyIsIl9hdXRoX3VzZXJfYmFja2VuZCI6ImRqYW5nby5jb250cmliLmF1dGguYmFja2VuZHMuTW9kZWxCYWNrZW5kIiwiX2F1dGhfdXNlcl9oYXNoIjoiZTZjYTgzNGViNGExNGQ2MDJlMzIyOGYxMTE5YzliMWU0MmQyYTRhMyJ9', '2018-08-30 07:46:20.389377'),
('n0zsfq3fiixd1lvlg6i74f1i6gsvh3i6', 'N2UwOWQwM2I0ZDY3MTZjNjUwMTI1ZjVkZmEzZWNiOGRjZDYyMDg2OTp7Il9hdXRoX3VzZXJfaWQiOiIyNCIsIl9hdXRoX3VzZXJfYmFja2VuZCI6ImRqYW5nby5jb250cmliLmF1dGguYmFja2VuZHMuTW9kZWxCYWNrZW5kIiwiX2F1dGhfdXNlcl9oYXNoIjoiMWVjOTAwNmQ1NmZmOGNiYmQ4ZDhmYmQxYjVlYWVhYjJiMmFhZGY3NSJ9', '2018-09-07 13:23:03.960511'),
('n6c7eir47enzd0tainyrewd0m1gv8irv', 'N2UwOWQwM2I0ZDY3MTZjNjUwMTI1ZjVkZmEzZWNiOGRjZDYyMDg2OTp7Il9hdXRoX3VzZXJfaWQiOiIyNCIsIl9hdXRoX3VzZXJfYmFja2VuZCI6ImRqYW5nby5jb250cmliLmF1dGguYmFja2VuZHMuTW9kZWxCYWNrZW5kIiwiX2F1dGhfdXNlcl9oYXNoIjoiMWVjOTAwNmQ1NmZmOGNiYmQ4ZDhmYmQxYjVlYWVhYjJiMmFhZGY3NSJ9', '2018-09-07 13:26:04.858587'),
('n8shmsihtqv7bnsslstgj52wi1xb1hhq', 'ZDJmNDE0MTFhMGNlNzEzMjYzMzZkZjAwOGQxMGI4MDAzYTRjYzg1YTp7Il9hdXRoX3VzZXJfaWQiOiIxNSIsIl9hdXRoX3VzZXJfYmFja2VuZCI6ImRqYW5nby5jb250cmliLmF1dGguYmFja2VuZHMuTW9kZWxCYWNrZW5kIiwiX2F1dGhfdXNlcl9oYXNoIjoiNzkxYjk4MGIwN2M0M2FhZGNiMDk2ZjhhYjZlZjczMTY2OTgwOTZhYiJ9', '2018-08-30 10:06:49.979356'),
('nguplncn3ciybc94lxogcmmfcb63093z', 'N2UwOWQwM2I0ZDY3MTZjNjUwMTI1ZjVkZmEzZWNiOGRjZDYyMDg2OTp7Il9hdXRoX3VzZXJfaWQiOiIyNCIsIl9hdXRoX3VzZXJfYmFja2VuZCI6ImRqYW5nby5jb250cmliLmF1dGguYmFja2VuZHMuTW9kZWxCYWNrZW5kIiwiX2F1dGhfdXNlcl9oYXNoIjoiMWVjOTAwNmQ1NmZmOGNiYmQ4ZDhmYmQxYjVlYWVhYjJiMmFhZGY3NSJ9', '2018-09-07 10:22:57.612840'),
('no0gyws94usb2uf35sr1xfd0wg1vgfre', 'OTZhMDIwZDFmMWY3Yjc3ZGJjOGU5YzhkZTA3ODI2NjZiMjk1MjYxMzp7Il9hdXRoX3VzZXJfaWQiOiIyMyIsIl9hdXRoX3VzZXJfYmFja2VuZCI6ImRqYW5nby5jb250cmliLmF1dGguYmFja2VuZHMuTW9kZWxCYWNrZW5kIiwiX2F1dGhfdXNlcl9oYXNoIjoiZTZjYTgzNGViNGExNGQ2MDJlMzIyOGYxMTE5YzliMWU0MmQyYTRhMyJ9', '2018-08-29 04:59:52.667113'),
('noqu9huogzr53bxv0agxysdx8smcuuya', 'OTZhMDIwZDFmMWY3Yjc3ZGJjOGU5YzhkZTA3ODI2NjZiMjk1MjYxMzp7Il9hdXRoX3VzZXJfaWQiOiIyMyIsIl9hdXRoX3VzZXJfYmFja2VuZCI6ImRqYW5nby5jb250cmliLmF1dGguYmFja2VuZHMuTW9kZWxCYWNrZW5kIiwiX2F1dGhfdXNlcl9oYXNoIjoiZTZjYTgzNGViNGExNGQ2MDJlMzIyOGYxMTE5YzliMWU0MmQyYTRhMyJ9', '2018-08-29 03:25:02.030956'),
('nwfw1yacebvhljv4bdykr0r4marocdxr', 'ZDJmNDE0MTFhMGNlNzEzMjYzMzZkZjAwOGQxMGI4MDAzYTRjYzg1YTp7Il9hdXRoX3VzZXJfaWQiOiIxNSIsIl9hdXRoX3VzZXJfYmFja2VuZCI6ImRqYW5nby5jb250cmliLmF1dGguYmFja2VuZHMuTW9kZWxCYWNrZW5kIiwiX2F1dGhfdXNlcl9oYXNoIjoiNzkxYjk4MGIwN2M0M2FhZGNiMDk2ZjhhYjZlZjczMTY2OTgwOTZhYiJ9', '2018-08-28 05:58:12.279999'),
('nwk1729didc2nftbc4gqnpvycxt21lm2', 'OTZhMDIwZDFmMWY3Yjc3ZGJjOGU5YzhkZTA3ODI2NjZiMjk1MjYxMzp7Il9hdXRoX3VzZXJfaWQiOiIyMyIsIl9hdXRoX3VzZXJfYmFja2VuZCI6ImRqYW5nby5jb250cmliLmF1dGguYmFja2VuZHMuTW9kZWxCYWNrZW5kIiwiX2F1dGhfdXNlcl9oYXNoIjoiZTZjYTgzNGViNGExNGQ2MDJlMzIyOGYxMTE5YzliMWU0MmQyYTRhMyJ9', '2018-08-27 06:56:51.172537'),
('nwwuqne2u1lqevgtz254kf47bfj4nwii', 'ZDJmNDE0MTFhMGNlNzEzMjYzMzZkZjAwOGQxMGI4MDAzYTRjYzg1YTp7Il9hdXRoX3VzZXJfaWQiOiIxNSIsIl9hdXRoX3VzZXJfYmFja2VuZCI6ImRqYW5nby5jb250cmliLmF1dGguYmFja2VuZHMuTW9kZWxCYWNrZW5kIiwiX2F1dGhfdXNlcl9oYXNoIjoiNzkxYjk4MGIwN2M0M2FhZGNiMDk2ZjhhYjZlZjczMTY2OTgwOTZhYiJ9', '2018-08-28 15:34:37.061858'),
('nwzg8fmzvpnyak4x09usj4ohchdm6niw', 'OTZhMDIwZDFmMWY3Yjc3ZGJjOGU5YzhkZTA3ODI2NjZiMjk1MjYxMzp7Il9hdXRoX3VzZXJfaWQiOiIyMyIsIl9hdXRoX3VzZXJfYmFja2VuZCI6ImRqYW5nby5jb250cmliLmF1dGguYmFja2VuZHMuTW9kZWxCYWNrZW5kIiwiX2F1dGhfdXNlcl9oYXNoIjoiZTZjYTgzNGViNGExNGQ2MDJlMzIyOGYxMTE5YzliMWU0MmQyYTRhMyJ9', '2018-09-04 03:18:18.419623'),
('o91ze0hsibmooh1pkhig6y344px6gj4y', 'ZDJmNDE0MTFhMGNlNzEzMjYzMzZkZjAwOGQxMGI4MDAzYTRjYzg1YTp7Il9hdXRoX3VzZXJfaWQiOiIxNSIsIl9hdXRoX3VzZXJfYmFja2VuZCI6ImRqYW5nby5jb250cmliLmF1dGguYmFja2VuZHMuTW9kZWxCYWNrZW5kIiwiX2F1dGhfdXNlcl9oYXNoIjoiNzkxYjk4MGIwN2M0M2FhZGNiMDk2ZjhhYjZlZjczMTY2OTgwOTZhYiJ9', '2018-09-03 09:58:42.473947'),
('oh33pwpqsse8v1gfdgw2g2yfyrhx3e1x', 'OTZhMDIwZDFmMWY3Yjc3ZGJjOGU5YzhkZTA3ODI2NjZiMjk1MjYxMzp7Il9hdXRoX3VzZXJfaWQiOiIyMyIsIl9hdXRoX3VzZXJfYmFja2VuZCI6ImRqYW5nby5jb250cmliLmF1dGguYmFja2VuZHMuTW9kZWxCYWNrZW5kIiwiX2F1dGhfdXNlcl9oYXNoIjoiZTZjYTgzNGViNGExNGQ2MDJlMzIyOGYxMTE5YzliMWU0MmQyYTRhMyJ9', '2018-08-29 03:13:50.936091'),
('oum7oq95c0m4f0dzy2zltnqlyzi1pdip', 'ZDJmNDE0MTFhMGNlNzEzMjYzMzZkZjAwOGQxMGI4MDAzYTRjYzg1YTp7Il9hdXRoX3VzZXJfaWQiOiIxNSIsIl9hdXRoX3VzZXJfYmFja2VuZCI6ImRqYW5nby5jb250cmliLmF1dGguYmFja2VuZHMuTW9kZWxCYWNrZW5kIiwiX2F1dGhfdXNlcl9oYXNoIjoiNzkxYjk4MGIwN2M0M2FhZGNiMDk2ZjhhYjZlZjczMTY2OTgwOTZhYiJ9', '2018-09-04 08:15:36.547748'),
('p16oc8uflcfxhdbonylizvan30i0n2qe', 'OTZhMDIwZDFmMWY3Yjc3ZGJjOGU5YzhkZTA3ODI2NjZiMjk1MjYxMzp7Il9hdXRoX3VzZXJfaWQiOiIyMyIsIl9hdXRoX3VzZXJfYmFja2VuZCI6ImRqYW5nby5jb250cmliLmF1dGguYmFja2VuZHMuTW9kZWxCYWNrZW5kIiwiX2F1dGhfdXNlcl9oYXNoIjoiZTZjYTgzNGViNGExNGQ2MDJlMzIyOGYxMTE5YzliMWU0MmQyYTRhMyJ9', '2018-08-27 17:13:09.924610'),
('p1q1b5jlv0xrvhufdldi4otcf0d1xecn', 'OTZhMDIwZDFmMWY3Yjc3ZGJjOGU5YzhkZTA3ODI2NjZiMjk1MjYxMzp7Il9hdXRoX3VzZXJfaWQiOiIyMyIsIl9hdXRoX3VzZXJfYmFja2VuZCI6ImRqYW5nby5jb250cmliLmF1dGguYmFja2VuZHMuTW9kZWxCYWNrZW5kIiwiX2F1dGhfdXNlcl9oYXNoIjoiZTZjYTgzNGViNGExNGQ2MDJlMzIyOGYxMTE5YzliMWU0MmQyYTRhMyJ9', '2018-08-27 07:00:16.338473'),
('p5godtqo3y1qtbho00gad601ufbrgtih', 'ZDJmNDE0MTFhMGNlNzEzMjYzMzZkZjAwOGQxMGI4MDAzYTRjYzg1YTp7Il9hdXRoX3VzZXJfaWQiOiIxNSIsIl9hdXRoX3VzZXJfYmFja2VuZCI6ImRqYW5nby5jb250cmliLmF1dGguYmFja2VuZHMuTW9kZWxCYWNrZW5kIiwiX2F1dGhfdXNlcl9oYXNoIjoiNzkxYjk4MGIwN2M0M2FhZGNiMDk2ZjhhYjZlZjczMTY2OTgwOTZhYiJ9', '2018-08-28 15:16:59.824159'),
('pc9lgrxj3731omje0r2ema7j60jx89af', 'OTZhMDIwZDFmMWY3Yjc3ZGJjOGU5YzhkZTA3ODI2NjZiMjk1MjYxMzp7Il9hdXRoX3VzZXJfaWQiOiIyMyIsIl9hdXRoX3VzZXJfYmFja2VuZCI6ImRqYW5nby5jb250cmliLmF1dGguYmFja2VuZHMuTW9kZWxCYWNrZW5kIiwiX2F1dGhfdXNlcl9oYXNoIjoiZTZjYTgzNGViNGExNGQ2MDJlMzIyOGYxMTE5YzliMWU0MmQyYTRhMyJ9', '2018-08-28 12:15:51.753189'),
('pd5fhe4x5s6sa4002dd1m0gnldfkv25g', 'ZDJmNDE0MTFhMGNlNzEzMjYzMzZkZjAwOGQxMGI4MDAzYTRjYzg1YTp7Il9hdXRoX3VzZXJfaWQiOiIxNSIsIl9hdXRoX3VzZXJfYmFja2VuZCI6ImRqYW5nby5jb250cmliLmF1dGguYmFja2VuZHMuTW9kZWxCYWNrZW5kIiwiX2F1dGhfdXNlcl9oYXNoIjoiNzkxYjk4MGIwN2M0M2FhZGNiMDk2ZjhhYjZlZjczMTY2OTgwOTZhYiJ9', '2018-08-27 07:15:32.944388'),
('pevowo7pgvk9ugl46z0k66grlozklole', 'ZDJmNDE0MTFhMGNlNzEzMjYzMzZkZjAwOGQxMGI4MDAzYTRjYzg1YTp7Il9hdXRoX3VzZXJfaWQiOiIxNSIsIl9hdXRoX3VzZXJfYmFja2VuZCI6ImRqYW5nby5jb250cmliLmF1dGguYmFja2VuZHMuTW9kZWxCYWNrZW5kIiwiX2F1dGhfdXNlcl9oYXNoIjoiNzkxYjk4MGIwN2M0M2FhZGNiMDk2ZjhhYjZlZjczMTY2OTgwOTZhYiJ9', '2018-09-05 10:38:01.628828'),
('po9g676iqr6uyol1ujo94gmprgqt956b', 'OTZhMDIwZDFmMWY3Yjc3ZGJjOGU5YzhkZTA3ODI2NjZiMjk1MjYxMzp7Il9hdXRoX3VzZXJfaWQiOiIyMyIsIl9hdXRoX3VzZXJfYmFja2VuZCI6ImRqYW5nby5jb250cmliLmF1dGguYmFja2VuZHMuTW9kZWxCYWNrZW5kIiwiX2F1dGhfdXNlcl9oYXNoIjoiZTZjYTgzNGViNGExNGQ2MDJlMzIyOGYxMTE5YzliMWU0MmQyYTRhMyJ9', '2018-08-27 20:03:39.833765'),
('pykg1u0hcek8nfusrqfbg8notr4kb5nv', 'ZDJmNDE0MTFhMGNlNzEzMjYzMzZkZjAwOGQxMGI4MDAzYTRjYzg1YTp7Il9hdXRoX3VzZXJfaWQiOiIxNSIsIl9hdXRoX3VzZXJfYmFja2VuZCI6ImRqYW5nby5jb250cmliLmF1dGguYmFja2VuZHMuTW9kZWxCYWNrZW5kIiwiX2F1dGhfdXNlcl9oYXNoIjoiNzkxYjk4MGIwN2M0M2FhZGNiMDk2ZjhhYjZlZjczMTY2OTgwOTZhYiJ9', '2018-09-05 10:49:15.530152'),
('qb8opi8tciyo1jg20yw3maeq6sxwg24j', 'ZDJmNDE0MTFhMGNlNzEzMjYzMzZkZjAwOGQxMGI4MDAzYTRjYzg1YTp7Il9hdXRoX3VzZXJfaWQiOiIxNSIsIl9hdXRoX3VzZXJfYmFja2VuZCI6ImRqYW5nby5jb250cmliLmF1dGguYmFja2VuZHMuTW9kZWxCYWNrZW5kIiwiX2F1dGhfdXNlcl9oYXNoIjoiNzkxYjk4MGIwN2M0M2FhZGNiMDk2ZjhhYjZlZjczMTY2OTgwOTZhYiJ9', '2018-08-28 05:57:39.204421'),
('qfx5oexmye77rlt2cnug0qo637t7wdt2', 'OTZhMDIwZDFmMWY3Yjc3ZGJjOGU5YzhkZTA3ODI2NjZiMjk1MjYxMzp7Il9hdXRoX3VzZXJfaWQiOiIyMyIsIl9hdXRoX3VzZXJfYmFja2VuZCI6ImRqYW5nby5jb250cmliLmF1dGguYmFja2VuZHMuTW9kZWxCYWNrZW5kIiwiX2F1dGhfdXNlcl9oYXNoIjoiZTZjYTgzNGViNGExNGQ2MDJlMzIyOGYxMTE5YzliMWU0MmQyYTRhMyJ9', '2018-08-30 07:13:10.966705'),
('qr7uuq5ta4gy1jyt6cgwfxkh779d6iuk', 'N2UwOWQwM2I0ZDY3MTZjNjUwMTI1ZjVkZmEzZWNiOGRjZDYyMDg2OTp7Il9hdXRoX3VzZXJfaWQiOiIyNCIsIl9hdXRoX3VzZXJfYmFja2VuZCI6ImRqYW5nby5jb250cmliLmF1dGguYmFja2VuZHMuTW9kZWxCYWNrZW5kIiwiX2F1dGhfdXNlcl9oYXNoIjoiMWVjOTAwNmQ1NmZmOGNiYmQ4ZDhmYmQxYjVlYWVhYjJiMmFhZGY3NSJ9', '2018-09-06 12:29:24.287433'),
('qtpi4uutxaecptve69stcpyafoip9bof', 'ZDJmNDE0MTFhMGNlNzEzMjYzMzZkZjAwOGQxMGI4MDAzYTRjYzg1YTp7Il9hdXRoX3VzZXJfaWQiOiIxNSIsIl9hdXRoX3VzZXJfYmFja2VuZCI6ImRqYW5nby5jb250cmliLmF1dGguYmFja2VuZHMuTW9kZWxCYWNrZW5kIiwiX2F1dGhfdXNlcl9oYXNoIjoiNzkxYjk4MGIwN2M0M2FhZGNiMDk2ZjhhYjZlZjczMTY2OTgwOTZhYiJ9', '2018-09-03 04:52:32.252736'),
('qz009y2sjdblskizi1c5vskxrjalcui6', 'ZDJmNDE0MTFhMGNlNzEzMjYzMzZkZjAwOGQxMGI4MDAzYTRjYzg1YTp7Il9hdXRoX3VzZXJfaWQiOiIxNSIsIl9hdXRoX3VzZXJfYmFja2VuZCI6ImRqYW5nby5jb250cmliLmF1dGguYmFja2VuZHMuTW9kZWxCYWNrZW5kIiwiX2F1dGhfdXNlcl9oYXNoIjoiNzkxYjk4MGIwN2M0M2FhZGNiMDk2ZjhhYjZlZjczMTY2OTgwOTZhYiJ9', '2018-08-31 05:12:41.156575'),
('r5hpiyxev0rvg4x49kwudrafu01ezba0', 'OTZhMDIwZDFmMWY3Yjc3ZGJjOGU5YzhkZTA3ODI2NjZiMjk1MjYxMzp7Il9hdXRoX3VzZXJfaWQiOiIyMyIsIl9hdXRoX3VzZXJfYmFja2VuZCI6ImRqYW5nby5jb250cmliLmF1dGguYmFja2VuZHMuTW9kZWxCYWNrZW5kIiwiX2F1dGhfdXNlcl9oYXNoIjoiZTZjYTgzNGViNGExNGQ2MDJlMzIyOGYxMTE5YzliMWU0MmQyYTRhMyJ9', '2018-08-29 14:46:46.323897'),
('r9jvg0u0um9pcvc5xjyj5fk2tkf1yytv', 'ZDJmNDE0MTFhMGNlNzEzMjYzMzZkZjAwOGQxMGI4MDAzYTRjYzg1YTp7Il9hdXRoX3VzZXJfaWQiOiIxNSIsIl9hdXRoX3VzZXJfYmFja2VuZCI6ImRqYW5nby5jb250cmliLmF1dGguYmFja2VuZHMuTW9kZWxCYWNrZW5kIiwiX2F1dGhfdXNlcl9oYXNoIjoiNzkxYjk4MGIwN2M0M2FhZGNiMDk2ZjhhYjZlZjczMTY2OTgwOTZhYiJ9', '2018-09-04 18:27:43.867729'),
('raag5f4x86y9uw9fggikqq0msyay1mll', 'OTZhMDIwZDFmMWY3Yjc3ZGJjOGU5YzhkZTA3ODI2NjZiMjk1MjYxMzp7Il9hdXRoX3VzZXJfaWQiOiIyMyIsIl9hdXRoX3VzZXJfYmFja2VuZCI6ImRqYW5nby5jb250cmliLmF1dGguYmFja2VuZHMuTW9kZWxCYWNrZW5kIiwiX2F1dGhfdXNlcl9oYXNoIjoiZTZjYTgzNGViNGExNGQ2MDJlMzIyOGYxMTE5YzliMWU0MmQyYTRhMyJ9', '2018-09-05 16:24:04.938706'),
('rchycqye5lkffofio6hekzlzw3a753hh', 'ZDJmNDE0MTFhMGNlNzEzMjYzMzZkZjAwOGQxMGI4MDAzYTRjYzg1YTp7Il9hdXRoX3VzZXJfaWQiOiIxNSIsIl9hdXRoX3VzZXJfYmFja2VuZCI6ImRqYW5nby5jb250cmliLmF1dGguYmFja2VuZHMuTW9kZWxCYWNrZW5kIiwiX2F1dGhfdXNlcl9oYXNoIjoiNzkxYjk4MGIwN2M0M2FhZGNiMDk2ZjhhYjZlZjczMTY2OTgwOTZhYiJ9', '2018-08-28 15:26:05.855495'),
('rk6oi2s0npwidmguqn2azhisufe7g5as', 'OTZhMDIwZDFmMWY3Yjc3ZGJjOGU5YzhkZTA3ODI2NjZiMjk1MjYxMzp7Il9hdXRoX3VzZXJfaWQiOiIyMyIsIl9hdXRoX3VzZXJfYmFja2VuZCI6ImRqYW5nby5jb250cmliLmF1dGguYmFja2VuZHMuTW9kZWxCYWNrZW5kIiwiX2F1dGhfdXNlcl9oYXNoIjoiZTZjYTgzNGViNGExNGQ2MDJlMzIyOGYxMTE5YzliMWU0MmQyYTRhMyJ9', '2018-09-07 12:32:07.474581'),
('rl135003z7iuiuybq8qems4rs9bocmsm', 'OTZhMDIwZDFmMWY3Yjc3ZGJjOGU5YzhkZTA3ODI2NjZiMjk1MjYxMzp7Il9hdXRoX3VzZXJfaWQiOiIyMyIsIl9hdXRoX3VzZXJfYmFja2VuZCI6ImRqYW5nby5jb250cmliLmF1dGguYmFja2VuZHMuTW9kZWxCYWNrZW5kIiwiX2F1dGhfdXNlcl9oYXNoIjoiZTZjYTgzNGViNGExNGQ2MDJlMzIyOGYxMTE5YzliMWU0MmQyYTRhMyJ9', '2018-09-04 03:17:52.484382'),
('rpecapjk2qduc6kq8417hvr5d5oetogw', 'ZDJmNDE0MTFhMGNlNzEzMjYzMzZkZjAwOGQxMGI4MDAzYTRjYzg1YTp7Il9hdXRoX3VzZXJfaWQiOiIxNSIsIl9hdXRoX3VzZXJfYmFja2VuZCI6ImRqYW5nby5jb250cmliLmF1dGguYmFja2VuZHMuTW9kZWxCYWNrZW5kIiwiX2F1dGhfdXNlcl9oYXNoIjoiNzkxYjk4MGIwN2M0M2FhZGNiMDk2ZjhhYjZlZjczMTY2OTgwOTZhYiJ9', '2018-08-27 13:56:58.482298'),
('rrklms9xm4zz3suik91tbt0zwg9bpkvi', 'ZDJmNDE0MTFhMGNlNzEzMjYzMzZkZjAwOGQxMGI4MDAzYTRjYzg1YTp7Il9hdXRoX3VzZXJfaWQiOiIxNSIsIl9hdXRoX3VzZXJfYmFja2VuZCI6ImRqYW5nby5jb250cmliLmF1dGguYmFja2VuZHMuTW9kZWxCYWNrZW5kIiwiX2F1dGhfdXNlcl9oYXNoIjoiNzkxYjk4MGIwN2M0M2FhZGNiMDk2ZjhhYjZlZjczMTY2OTgwOTZhYiJ9', '2018-09-05 12:28:20.967525'),
('rrxclf9ensgutvo5eajqpbbf2owa2usv', 'OTZhMDIwZDFmMWY3Yjc3ZGJjOGU5YzhkZTA3ODI2NjZiMjk1MjYxMzp7Il9hdXRoX3VzZXJfaWQiOiIyMyIsIl9hdXRoX3VzZXJfYmFja2VuZCI6ImRqYW5nby5jb250cmliLmF1dGguYmFja2VuZHMuTW9kZWxCYWNrZW5kIiwiX2F1dGhfdXNlcl9oYXNoIjoiZTZjYTgzNGViNGExNGQ2MDJlMzIyOGYxMTE5YzliMWU0MmQyYTRhMyJ9', '2018-08-28 15:35:25.230278'),
('rv7r9cc0z2kzpmnlt7ow0i4h5qcuum9a', 'ZDJmNDE0MTFhMGNlNzEzMjYzMzZkZjAwOGQxMGI4MDAzYTRjYzg1YTp7Il9hdXRoX3VzZXJfaWQiOiIxNSIsIl9hdXRoX3VzZXJfYmFja2VuZCI6ImRqYW5nby5jb250cmliLmF1dGguYmFja2VuZHMuTW9kZWxCYWNrZW5kIiwiX2F1dGhfdXNlcl9oYXNoIjoiNzkxYjk4MGIwN2M0M2FhZGNiMDk2ZjhhYjZlZjczMTY2OTgwOTZhYiJ9', '2018-09-04 05:30:39.877031'),
('rz7ww65s7msbslnuqc8ho55efjlqri04', 'OTZhMDIwZDFmMWY3Yjc3ZGJjOGU5YzhkZTA3ODI2NjZiMjk1MjYxMzp7Il9hdXRoX3VzZXJfaWQiOiIyMyIsIl9hdXRoX3VzZXJfYmFja2VuZCI6ImRqYW5nby5jb250cmliLmF1dGguYmFja2VuZHMuTW9kZWxCYWNrZW5kIiwiX2F1dGhfdXNlcl9oYXNoIjoiZTZjYTgzNGViNGExNGQ2MDJlMzIyOGYxMTE5YzliMWU0MmQyYTRhMyJ9', '2018-08-30 04:00:47.146379'),
('s2cx4xc9gel6ecx4lxthxj5vcixc90jd', 'OTZhMDIwZDFmMWY3Yjc3ZGJjOGU5YzhkZTA3ODI2NjZiMjk1MjYxMzp7Il9hdXRoX3VzZXJfaWQiOiIyMyIsIl9hdXRoX3VzZXJfYmFja2VuZCI6ImRqYW5nby5jb250cmliLmF1dGguYmFja2VuZHMuTW9kZWxCYWNrZW5kIiwiX2F1dGhfdXNlcl9oYXNoIjoiZTZjYTgzNGViNGExNGQ2MDJlMzIyOGYxMTE5YzliMWU0MmQyYTRhMyJ9', '2018-08-31 15:33:27.034006'),
('s6ml4a8bhlt9yrlegt1hijxbqjrzwl0n', 'OTZhMDIwZDFmMWY3Yjc3ZGJjOGU5YzhkZTA3ODI2NjZiMjk1MjYxMzp7Il9hdXRoX3VzZXJfaWQiOiIyMyIsIl9hdXRoX3VzZXJfYmFja2VuZCI6ImRqYW5nby5jb250cmliLmF1dGguYmFja2VuZHMuTW9kZWxCYWNrZW5kIiwiX2F1dGhfdXNlcl9oYXNoIjoiZTZjYTgzNGViNGExNGQ2MDJlMzIyOGYxMTE5YzliMWU0MmQyYTRhMyJ9', '2018-09-07 09:32:49.124031'),
('s8r6v6ry12gfjl4ajbwxw1im6f6ftsfl', 'OTZhMDIwZDFmMWY3Yjc3ZGJjOGU5YzhkZTA3ODI2NjZiMjk1MjYxMzp7Il9hdXRoX3VzZXJfaWQiOiIyMyIsIl9hdXRoX3VzZXJfYmFja2VuZCI6ImRqYW5nby5jb250cmliLmF1dGguYmFja2VuZHMuTW9kZWxCYWNrZW5kIiwiX2F1dGhfdXNlcl9oYXNoIjoiZTZjYTgzNGViNGExNGQ2MDJlMzIyOGYxMTE5YzliMWU0MmQyYTRhMyJ9', '2018-08-29 15:32:22.049341'),
('s9k0bu8fvtqwdjtrzyy45q3scjpymwql', 'OTZhMDIwZDFmMWY3Yjc3ZGJjOGU5YzhkZTA3ODI2NjZiMjk1MjYxMzp7Il9hdXRoX3VzZXJfaWQiOiIyMyIsIl9hdXRoX3VzZXJfYmFja2VuZCI6ImRqYW5nby5jb250cmliLmF1dGguYmFja2VuZHMuTW9kZWxCYWNrZW5kIiwiX2F1dGhfdXNlcl9oYXNoIjoiZTZjYTgzNGViNGExNGQ2MDJlMzIyOGYxMTE5YzliMWU0MmQyYTRhMyJ9', '2018-09-08 02:27:48.749790'),
('sf7fdeu9qdpcdzo94v3h92oo4beq4ckg', 'ZDJmNDE0MTFhMGNlNzEzMjYzMzZkZjAwOGQxMGI4MDAzYTRjYzg1YTp7Il9hdXRoX3VzZXJfaWQiOiIxNSIsIl9hdXRoX3VzZXJfYmFja2VuZCI6ImRqYW5nby5jb250cmliLmF1dGguYmFja2VuZHMuTW9kZWxCYWNrZW5kIiwiX2F1dGhfdXNlcl9oYXNoIjoiNzkxYjk4MGIwN2M0M2FhZGNiMDk2ZjhhYjZlZjczMTY2OTgwOTZhYiJ9', '2018-09-05 14:50:25.950673'),
('sojsydq5kkdn5f3fjka7h8rxow0my50s', 'OTZhMDIwZDFmMWY3Yjc3ZGJjOGU5YzhkZTA3ODI2NjZiMjk1MjYxMzp7Il9hdXRoX3VzZXJfaWQiOiIyMyIsIl9hdXRoX3VzZXJfYmFja2VuZCI6ImRqYW5nby5jb250cmliLmF1dGguYmFja2VuZHMuTW9kZWxCYWNrZW5kIiwiX2F1dGhfdXNlcl9oYXNoIjoiZTZjYTgzNGViNGExNGQ2MDJlMzIyOGYxMTE5YzliMWU0MmQyYTRhMyJ9', '2018-08-29 16:14:31.844726'),
('svgkhs9p3mh5o7focd2rx0xllvguoo3v', 'OTZhMDIwZDFmMWY3Yjc3ZGJjOGU5YzhkZTA3ODI2NjZiMjk1MjYxMzp7Il9hdXRoX3VzZXJfaWQiOiIyMyIsIl9hdXRoX3VzZXJfYmFja2VuZCI6ImRqYW5nby5jb250cmliLmF1dGguYmFja2VuZHMuTW9kZWxCYWNrZW5kIiwiX2F1dGhfdXNlcl9oYXNoIjoiZTZjYTgzNGViNGExNGQ2MDJlMzIyOGYxMTE5YzliMWU0MmQyYTRhMyJ9', '2018-09-03 04:59:38.361379'),
('t1nsl9crtbjn3rbul6ngqw91okczth6y', 'ZDJmNDE0MTFhMGNlNzEzMjYzMzZkZjAwOGQxMGI4MDAzYTRjYzg1YTp7Il9hdXRoX3VzZXJfaWQiOiIxNSIsIl9hdXRoX3VzZXJfYmFja2VuZCI6ImRqYW5nby5jb250cmliLmF1dGguYmFja2VuZHMuTW9kZWxCYWNrZW5kIiwiX2F1dGhfdXNlcl9oYXNoIjoiNzkxYjk4MGIwN2M0M2FhZGNiMDk2ZjhhYjZlZjczMTY2OTgwOTZhYiJ9', '2018-08-27 07:33:37.526762'),
('t25ai1jzwnxylm1g1g8vqqqu9fnmqzqe', 'ZDJmNDE0MTFhMGNlNzEzMjYzMzZkZjAwOGQxMGI4MDAzYTRjYzg1YTp7Il9hdXRoX3VzZXJfaWQiOiIxNSIsIl9hdXRoX3VzZXJfYmFja2VuZCI6ImRqYW5nby5jb250cmliLmF1dGguYmFja2VuZHMuTW9kZWxCYWNrZW5kIiwiX2F1dGhfdXNlcl9oYXNoIjoiNzkxYjk4MGIwN2M0M2FhZGNiMDk2ZjhhYjZlZjczMTY2OTgwOTZhYiJ9', '2018-09-06 04:49:53.801894'),
('t6dcxny1lxcnmttkwcfk30ewjm5a5fse', 'OTZhMDIwZDFmMWY3Yjc3ZGJjOGU5YzhkZTA3ODI2NjZiMjk1MjYxMzp7Il9hdXRoX3VzZXJfaWQiOiIyMyIsIl9hdXRoX3VzZXJfYmFja2VuZCI6ImRqYW5nby5jb250cmliLmF1dGguYmFja2VuZHMuTW9kZWxCYWNrZW5kIiwiX2F1dGhfdXNlcl9oYXNoIjoiZTZjYTgzNGViNGExNGQ2MDJlMzIyOGYxMTE5YzliMWU0MmQyYTRhMyJ9', '2018-08-31 13:16:33.969908'),
('t722hrs8puasrs6o9si5xhywl5rzh81l', 'OTZhMDIwZDFmMWY3Yjc3ZGJjOGU5YzhkZTA3ODI2NjZiMjk1MjYxMzp7Il9hdXRoX3VzZXJfaWQiOiIyMyIsIl9hdXRoX3VzZXJfYmFja2VuZCI6ImRqYW5nby5jb250cmliLmF1dGguYmFja2VuZHMuTW9kZWxCYWNrZW5kIiwiX2F1dGhfdXNlcl9oYXNoIjoiZTZjYTgzNGViNGExNGQ2MDJlMzIyOGYxMTE5YzliMWU0MmQyYTRhMyJ9', '2018-08-31 09:43:24.587838'),
('t7pikozqjwzitxhe2ika4fpmepkfdelt', 'OTZhMDIwZDFmMWY3Yjc3ZGJjOGU5YzhkZTA3ODI2NjZiMjk1MjYxMzp7Il9hdXRoX3VzZXJfaWQiOiIyMyIsIl9hdXRoX3VzZXJfYmFja2VuZCI6ImRqYW5nby5jb250cmliLmF1dGguYmFja2VuZHMuTW9kZWxCYWNrZW5kIiwiX2F1dGhfdXNlcl9oYXNoIjoiZTZjYTgzNGViNGExNGQ2MDJlMzIyOGYxMTE5YzliMWU0MmQyYTRhMyJ9', '2018-08-30 02:24:41.528958'),
('tbcja3tp3dq7fz1s2z0kwqc55hg1ohnh', 'ZDJmNDE0MTFhMGNlNzEzMjYzMzZkZjAwOGQxMGI4MDAzYTRjYzg1YTp7Il9hdXRoX3VzZXJfaWQiOiIxNSIsIl9hdXRoX3VzZXJfYmFja2VuZCI6ImRqYW5nby5jb250cmliLmF1dGguYmFja2VuZHMuTW9kZWxCYWNrZW5kIiwiX2F1dGhfdXNlcl9oYXNoIjoiNzkxYjk4MGIwN2M0M2FhZGNiMDk2ZjhhYjZlZjczMTY2OTgwOTZhYiJ9', '2018-09-03 10:54:14.247857'),
('ttb0d9nbd71ry4v6gg4f4ouf0keocu5g', 'OTZhMDIwZDFmMWY3Yjc3ZGJjOGU5YzhkZTA3ODI2NjZiMjk1MjYxMzp7Il9hdXRoX3VzZXJfaWQiOiIyMyIsIl9hdXRoX3VzZXJfYmFja2VuZCI6ImRqYW5nby5jb250cmliLmF1dGguYmFja2VuZHMuTW9kZWxCYWNrZW5kIiwiX2F1dGhfdXNlcl9oYXNoIjoiZTZjYTgzNGViNGExNGQ2MDJlMzIyOGYxMTE5YzliMWU0MmQyYTRhMyJ9', '2018-09-06 12:31:43.799392'),
('tx4wn1vjtfvwzqpzrvo342kdqilofw4v', 'ZDJmNDE0MTFhMGNlNzEzMjYzMzZkZjAwOGQxMGI4MDAzYTRjYzg1YTp7Il9hdXRoX3VzZXJfaWQiOiIxNSIsIl9hdXRoX3VzZXJfYmFja2VuZCI6ImRqYW5nby5jb250cmliLmF1dGguYmFja2VuZHMuTW9kZWxCYWNrZW5kIiwiX2F1dGhfdXNlcl9oYXNoIjoiNzkxYjk4MGIwN2M0M2FhZGNiMDk2ZjhhYjZlZjczMTY2OTgwOTZhYiJ9', '2018-09-03 10:04:21.238107'),
('u1vwvzcj64c1pjvschy9la6hdwz33j4i', 'ZDJmNDE0MTFhMGNlNzEzMjYzMzZkZjAwOGQxMGI4MDAzYTRjYzg1YTp7Il9hdXRoX3VzZXJfaWQiOiIxNSIsIl9hdXRoX3VzZXJfYmFja2VuZCI6ImRqYW5nby5jb250cmliLmF1dGguYmFja2VuZHMuTW9kZWxCYWNrZW5kIiwiX2F1dGhfdXNlcl9oYXNoIjoiNzkxYjk4MGIwN2M0M2FhZGNiMDk2ZjhhYjZlZjczMTY2OTgwOTZhYiJ9', '2018-08-27 07:16:00.249089'),
('u55zop99luq26bgu84krd40n7hx8vz1l', 'OTZhMDIwZDFmMWY3Yjc3ZGJjOGU5YzhkZTA3ODI2NjZiMjk1MjYxMzp7Il9hdXRoX3VzZXJfaWQiOiIyMyIsIl9hdXRoX3VzZXJfYmFja2VuZCI6ImRqYW5nby5jb250cmliLmF1dGguYmFja2VuZHMuTW9kZWxCYWNrZW5kIiwiX2F1dGhfdXNlcl9oYXNoIjoiZTZjYTgzNGViNGExNGQ2MDJlMzIyOGYxMTE5YzliMWU0MmQyYTRhMyJ9', '2018-08-27 10:27:40.972190'),
('uflws6ojdagz97476hy58z9ky19ppst4', 'ZDJmNDE0MTFhMGNlNzEzMjYzMzZkZjAwOGQxMGI4MDAzYTRjYzg1YTp7Il9hdXRoX3VzZXJfaWQiOiIxNSIsIl9hdXRoX3VzZXJfYmFja2VuZCI6ImRqYW5nby5jb250cmliLmF1dGguYmFja2VuZHMuTW9kZWxCYWNrZW5kIiwiX2F1dGhfdXNlcl9oYXNoIjoiNzkxYjk4MGIwN2M0M2FhZGNiMDk2ZjhhYjZlZjczMTY2OTgwOTZhYiJ9', '2018-08-27 08:03:47.985183'),
('urbrezznt5lia7f4f85apc3k84qs3qho', 'OTZhMDIwZDFmMWY3Yjc3ZGJjOGU5YzhkZTA3ODI2NjZiMjk1MjYxMzp7Il9hdXRoX3VzZXJfaWQiOiIyMyIsIl9hdXRoX3VzZXJfYmFja2VuZCI6ImRqYW5nby5jb250cmliLmF1dGguYmFja2VuZHMuTW9kZWxCYWNrZW5kIiwiX2F1dGhfdXNlcl9oYXNoIjoiZTZjYTgzNGViNGExNGQ2MDJlMzIyOGYxMTE5YzliMWU0MmQyYTRhMyJ9', '2018-09-04 03:20:06.341035'),
('utm3gtajfqh9wwo9p64oj7kz9pgnhitb', 'OTZhMDIwZDFmMWY3Yjc3ZGJjOGU5YzhkZTA3ODI2NjZiMjk1MjYxMzp7Il9hdXRoX3VzZXJfaWQiOiIyMyIsIl9hdXRoX3VzZXJfYmFja2VuZCI6ImRqYW5nby5jb250cmliLmF1dGguYmFja2VuZHMuTW9kZWxCYWNrZW5kIiwiX2F1dGhfdXNlcl9oYXNoIjoiZTZjYTgzNGViNGExNGQ2MDJlMzIyOGYxMTE5YzliMWU0MmQyYTRhMyJ9', '2018-08-28 05:36:38.423401'),
('uy78y3l4mraetdx7a9ispsshcmaz61pv', 'OTZhMDIwZDFmMWY3Yjc3ZGJjOGU5YzhkZTA3ODI2NjZiMjk1MjYxMzp7Il9hdXRoX3VzZXJfaWQiOiIyMyIsIl9hdXRoX3VzZXJfYmFja2VuZCI6ImRqYW5nby5jb250cmliLmF1dGguYmFja2VuZHMuTW9kZWxCYWNrZW5kIiwiX2F1dGhfdXNlcl9oYXNoIjoiZTZjYTgzNGViNGExNGQ2MDJlMzIyOGYxMTE5YzliMWU0MmQyYTRhMyJ9', '2018-08-28 18:50:24.664826'),
('v7hf3d7zjm7q9kn6aomi8he019z3lx88', 'OTZhMDIwZDFmMWY3Yjc3ZGJjOGU5YzhkZTA3ODI2NjZiMjk1MjYxMzp7Il9hdXRoX3VzZXJfaWQiOiIyMyIsIl9hdXRoX3VzZXJfYmFja2VuZCI6ImRqYW5nby5jb250cmliLmF1dGguYmFja2VuZHMuTW9kZWxCYWNrZW5kIiwiX2F1dGhfdXNlcl9oYXNoIjoiZTZjYTgzNGViNGExNGQ2MDJlMzIyOGYxMTE5YzliMWU0MmQyYTRhMyJ9', '2018-09-07 05:00:03.040631'),
('v8sfptu1hcgyiwt2i7bg2nde4ip54s7w', 'ZDJmNDE0MTFhMGNlNzEzMjYzMzZkZjAwOGQxMGI4MDAzYTRjYzg1YTp7Il9hdXRoX3VzZXJfaWQiOiIxNSIsIl9hdXRoX3VzZXJfYmFja2VuZCI6ImRqYW5nby5jb250cmliLmF1dGguYmFja2VuZHMuTW9kZWxCYWNrZW5kIiwiX2F1dGhfdXNlcl9oYXNoIjoiNzkxYjk4MGIwN2M0M2FhZGNiMDk2ZjhhYjZlZjczMTY2OTgwOTZhYiJ9', '2018-08-28 15:35:00.744222'),
('vsn6jdnca4kwlu1aq5a49e0k9q4slglb', 'ZDJmNDE0MTFhMGNlNzEzMjYzMzZkZjAwOGQxMGI4MDAzYTRjYzg1YTp7Il9hdXRoX3VzZXJfaWQiOiIxNSIsIl9hdXRoX3VzZXJfYmFja2VuZCI6ImRqYW5nby5jb250cmliLmF1dGguYmFja2VuZHMuTW9kZWxCYWNrZW5kIiwiX2F1dGhfdXNlcl9oYXNoIjoiNzkxYjk4MGIwN2M0M2FhZGNiMDk2ZjhhYjZlZjczMTY2OTgwOTZhYiJ9', '2018-08-31 09:40:11.355134'),
('wc2aon1mafznvzpx42fptdfnjqptcu4n', 'ZDJmNDE0MTFhMGNlNzEzMjYzMzZkZjAwOGQxMGI4MDAzYTRjYzg1YTp7Il9hdXRoX3VzZXJfaWQiOiIxNSIsIl9hdXRoX3VzZXJfYmFja2VuZCI6ImRqYW5nby5jb250cmliLmF1dGguYmFja2VuZHMuTW9kZWxCYWNrZW5kIiwiX2F1dGhfdXNlcl9oYXNoIjoiNzkxYjk4MGIwN2M0M2FhZGNiMDk2ZjhhYjZlZjczMTY2OTgwOTZhYiJ9', '2018-09-05 10:01:11.738758'),
('wcjzkddsmp0oqh2kp5zis1gs3twu0gxa', 'OTZhMDIwZDFmMWY3Yjc3ZGJjOGU5YzhkZTA3ODI2NjZiMjk1MjYxMzp7Il9hdXRoX3VzZXJfaWQiOiIyMyIsIl9hdXRoX3VzZXJfYmFja2VuZCI6ImRqYW5nby5jb250cmliLmF1dGguYmFja2VuZHMuTW9kZWxCYWNrZW5kIiwiX2F1dGhfdXNlcl9oYXNoIjoiZTZjYTgzNGViNGExNGQ2MDJlMzIyOGYxMTE5YzliMWU0MmQyYTRhMyJ9', '2018-09-03 12:18:57.830116'),
('wen58k3imdlroac7pebvrd1jul6w9hin', 'ZDJmNDE0MTFhMGNlNzEzMjYzMzZkZjAwOGQxMGI4MDAzYTRjYzg1YTp7Il9hdXRoX3VzZXJfaWQiOiIxNSIsIl9hdXRoX3VzZXJfYmFja2VuZCI6ImRqYW5nby5jb250cmliLmF1dGguYmFja2VuZHMuTW9kZWxCYWNrZW5kIiwiX2F1dGhfdXNlcl9oYXNoIjoiNzkxYjk4MGIwN2M0M2FhZGNiMDk2ZjhhYjZlZjczMTY2OTgwOTZhYiJ9', '2018-08-28 14:20:08.391825'),
('wkh8rp8wsfp8mn7lmblvw2kcq21hfizb', 'ZDJmNDE0MTFhMGNlNzEzMjYzMzZkZjAwOGQxMGI4MDAzYTRjYzg1YTp7Il9hdXRoX3VzZXJfaWQiOiIxNSIsIl9hdXRoX3VzZXJfYmFja2VuZCI6ImRqYW5nby5jb250cmliLmF1dGguYmFja2VuZHMuTW9kZWxCYWNrZW5kIiwiX2F1dGhfdXNlcl9oYXNoIjoiNzkxYjk4MGIwN2M0M2FhZGNiMDk2ZjhhYjZlZjczMTY2OTgwOTZhYiJ9', '2018-08-27 08:37:48.841096'),
('wtsx5uwnyln93hue9rhppl63txcv5nli', 'ZDJmNDE0MTFhMGNlNzEzMjYzMzZkZjAwOGQxMGI4MDAzYTRjYzg1YTp7Il9hdXRoX3VzZXJfaWQiOiIxNSIsIl9hdXRoX3VzZXJfYmFja2VuZCI6ImRqYW5nby5jb250cmliLmF1dGguYmFja2VuZHMuTW9kZWxCYWNrZW5kIiwiX2F1dGhfdXNlcl9oYXNoIjoiNzkxYjk4MGIwN2M0M2FhZGNiMDk2ZjhhYjZlZjczMTY2OTgwOTZhYiJ9', '2018-08-28 05:59:13.415508'),
('wub9hs4lshns0tma7llvbujdnc6tllun', 'ZDJmNDE0MTFhMGNlNzEzMjYzMzZkZjAwOGQxMGI4MDAzYTRjYzg1YTp7Il9hdXRoX3VzZXJfaWQiOiIxNSIsIl9hdXRoX3VzZXJfYmFja2VuZCI6ImRqYW5nby5jb250cmliLmF1dGguYmFja2VuZHMuTW9kZWxCYWNrZW5kIiwiX2F1dGhfdXNlcl9oYXNoIjoiNzkxYjk4MGIwN2M0M2FhZGNiMDk2ZjhhYjZlZjczMTY2OTgwOTZhYiJ9', '2018-09-04 18:16:57.502864'),
('wvw8ri9hpbgscedlpcvb96xtf78rpkaf', 'ZDJmNDE0MTFhMGNlNzEzMjYzMzZkZjAwOGQxMGI4MDAzYTRjYzg1YTp7Il9hdXRoX3VzZXJfaWQiOiIxNSIsIl9hdXRoX3VzZXJfYmFja2VuZCI6ImRqYW5nby5jb250cmliLmF1dGguYmFja2VuZHMuTW9kZWxCYWNrZW5kIiwiX2F1dGhfdXNlcl9oYXNoIjoiNzkxYjk4MGIwN2M0M2FhZGNiMDk2ZjhhYjZlZjczMTY2OTgwOTZhYiJ9', '2018-09-05 05:55:36.324702'),
('wvyomy1hhw79iecyiqy6xnjzj3p3p4w8', 'OTZhMDIwZDFmMWY3Yjc3ZGJjOGU5YzhkZTA3ODI2NjZiMjk1MjYxMzp7Il9hdXRoX3VzZXJfaWQiOiIyMyIsIl9hdXRoX3VzZXJfYmFja2VuZCI6ImRqYW5nby5jb250cmliLmF1dGguYmFja2VuZHMuTW9kZWxCYWNrZW5kIiwiX2F1dGhfdXNlcl9oYXNoIjoiZTZjYTgzNGViNGExNGQ2MDJlMzIyOGYxMTE5YzliMWU0MmQyYTRhMyJ9', '2018-08-29 08:43:08.267111'),
('x4iv3aloes9snq9uuuxytbbqzzxhofhe', 'OTZhMDIwZDFmMWY3Yjc3ZGJjOGU5YzhkZTA3ODI2NjZiMjk1MjYxMzp7Il9hdXRoX3VzZXJfaWQiOiIyMyIsIl9hdXRoX3VzZXJfYmFja2VuZCI6ImRqYW5nby5jb250cmliLmF1dGguYmFja2VuZHMuTW9kZWxCYWNrZW5kIiwiX2F1dGhfdXNlcl9oYXNoIjoiZTZjYTgzNGViNGExNGQ2MDJlMzIyOGYxMTE5YzliMWU0MmQyYTRhMyJ9', '2018-08-26 20:08:34.560986'),
('x8o7j8qco7ik9nkqo8fi89gzvwzw31bs', 'OTZhMDIwZDFmMWY3Yjc3ZGJjOGU5YzhkZTA3ODI2NjZiMjk1MjYxMzp7Il9hdXRoX3VzZXJfaWQiOiIyMyIsIl9hdXRoX3VzZXJfYmFja2VuZCI6ImRqYW5nby5jb250cmliLmF1dGguYmFja2VuZHMuTW9kZWxCYWNrZW5kIiwiX2F1dGhfdXNlcl9oYXNoIjoiZTZjYTgzNGViNGExNGQ2MDJlMzIyOGYxMTE5YzliMWU0MmQyYTRhMyJ9', '2018-08-28 04:32:49.464262'),
('xf3i7f01ls9emaayrkgr0yp1bs67t8cg', 'OTZhMDIwZDFmMWY3Yjc3ZGJjOGU5YzhkZTA3ODI2NjZiMjk1MjYxMzp7Il9hdXRoX3VzZXJfaWQiOiIyMyIsIl9hdXRoX3VzZXJfYmFja2VuZCI6ImRqYW5nby5jb250cmliLmF1dGguYmFja2VuZHMuTW9kZWxCYWNrZW5kIiwiX2F1dGhfdXNlcl9oYXNoIjoiZTZjYTgzNGViNGExNGQ2MDJlMzIyOGYxMTE5YzliMWU0MmQyYTRhMyJ9', '2018-08-31 14:57:42.766186'),
('xsswuyop7jccsa5ald2qpyzg823vugsf', 'OTZhMDIwZDFmMWY3Yjc3ZGJjOGU5YzhkZTA3ODI2NjZiMjk1MjYxMzp7Il9hdXRoX3VzZXJfaWQiOiIyMyIsIl9hdXRoX3VzZXJfYmFja2VuZCI6ImRqYW5nby5jb250cmliLmF1dGguYmFja2VuZHMuTW9kZWxCYWNrZW5kIiwiX2F1dGhfdXNlcl9oYXNoIjoiZTZjYTgzNGViNGExNGQ2MDJlMzIyOGYxMTE5YzliMWU0MmQyYTRhMyJ9', '2018-08-29 14:13:11.355954'),
('xx2f54ln4vunbzpq7ec9a6l2vnfw90lt', 'OTZhMDIwZDFmMWY3Yjc3ZGJjOGU5YzhkZTA3ODI2NjZiMjk1MjYxMzp7Il9hdXRoX3VzZXJfaWQiOiIyMyIsIl9hdXRoX3VzZXJfYmFja2VuZCI6ImRqYW5nby5jb250cmliLmF1dGguYmFja2VuZHMuTW9kZWxCYWNrZW5kIiwiX2F1dGhfdXNlcl9oYXNoIjoiZTZjYTgzNGViNGExNGQ2MDJlMzIyOGYxMTE5YzliMWU0MmQyYTRhMyJ9', '2018-08-30 12:55:27.601157'),
('xzc0g0w7iwbgb3smwwcbm5uunyuj0p21', 'OTZhMDIwZDFmMWY3Yjc3ZGJjOGU5YzhkZTA3ODI2NjZiMjk1MjYxMzp7Il9hdXRoX3VzZXJfaWQiOiIyMyIsIl9hdXRoX3VzZXJfYmFja2VuZCI6ImRqYW5nby5jb250cmliLmF1dGguYmFja2VuZHMuTW9kZWxCYWNrZW5kIiwiX2F1dGhfdXNlcl9oYXNoIjoiZTZjYTgzNGViNGExNGQ2MDJlMzIyOGYxMTE5YzliMWU0MmQyYTRhMyJ9', '2018-08-28 21:50:14.182015'),
('y0s73xakhyngt9n5659sv44mtc3br0bh', 'OTZhMDIwZDFmMWY3Yjc3ZGJjOGU5YzhkZTA3ODI2NjZiMjk1MjYxMzp7Il9hdXRoX3VzZXJfaWQiOiIyMyIsIl9hdXRoX3VzZXJfYmFja2VuZCI6ImRqYW5nby5jb250cmliLmF1dGguYmFja2VuZHMuTW9kZWxCYWNrZW5kIiwiX2F1dGhfdXNlcl9oYXNoIjoiZTZjYTgzNGViNGExNGQ2MDJlMzIyOGYxMTE5YzliMWU0MmQyYTRhMyJ9', '2018-09-04 03:36:14.126599'),
('ynl6oli91r2p2k6quyour4n8f0twrcye', 'ZDJmNDE0MTFhMGNlNzEzMjYzMzZkZjAwOGQxMGI4MDAzYTRjYzg1YTp7Il9hdXRoX3VzZXJfaWQiOiIxNSIsIl9hdXRoX3VzZXJfYmFja2VuZCI6ImRqYW5nby5jb250cmliLmF1dGguYmFja2VuZHMuTW9kZWxCYWNrZW5kIiwiX2F1dGhfdXNlcl9oYXNoIjoiNzkxYjk4MGIwN2M0M2FhZGNiMDk2ZjhhYjZlZjczMTY2OTgwOTZhYiJ9', '2018-09-03 05:14:04.218393'),
('yqsdxvf48ls4cd9bmu9m5fds2b1wsskd', 'OTZhMDIwZDFmMWY3Yjc3ZGJjOGU5YzhkZTA3ODI2NjZiMjk1MjYxMzp7Il9hdXRoX3VzZXJfaWQiOiIyMyIsIl9hdXRoX3VzZXJfYmFja2VuZCI6ImRqYW5nby5jb250cmliLmF1dGguYmFja2VuZHMuTW9kZWxCYWNrZW5kIiwiX2F1dGhfdXNlcl9oYXNoIjoiZTZjYTgzNGViNGExNGQ2MDJlMzIyOGYxMTE5YzliMWU0MmQyYTRhMyJ9', '2018-09-07 06:09:48.514328'),
('z2488r10u0vvc3k5tefavuxnj7qitud1', 'OTZhMDIwZDFmMWY3Yjc3ZGJjOGU5YzhkZTA3ODI2NjZiMjk1MjYxMzp7Il9hdXRoX3VzZXJfaWQiOiIyMyIsIl9hdXRoX3VzZXJfYmFja2VuZCI6ImRqYW5nby5jb250cmliLmF1dGguYmFja2VuZHMuTW9kZWxCYWNrZW5kIiwiX2F1dGhfdXNlcl9oYXNoIjoiZTZjYTgzNGViNGExNGQ2MDJlMzIyOGYxMTE5YzliMWU0MmQyYTRhMyJ9', '2018-08-29 04:52:59.114223'),
('z88ws93vzoqoltbwcf6msqp3d7dfmlkd', 'ZDJmNDE0MTFhMGNlNzEzMjYzMzZkZjAwOGQxMGI4MDAzYTRjYzg1YTp7Il9hdXRoX3VzZXJfaWQiOiIxNSIsIl9hdXRoX3VzZXJfYmFja2VuZCI6ImRqYW5nby5jb250cmliLmF1dGguYmFja2VuZHMuTW9kZWxCYWNrZW5kIiwiX2F1dGhfdXNlcl9oYXNoIjoiNzkxYjk4MGIwN2M0M2FhZGNiMDk2ZjhhYjZlZjczMTY2OTgwOTZhYiJ9', '2018-09-03 10:18:51.472287'),
('zfikupe2hp4flosn6hu9ga609h7lkqq6', 'ZDJmNDE0MTFhMGNlNzEzMjYzMzZkZjAwOGQxMGI4MDAzYTRjYzg1YTp7Il9hdXRoX3VzZXJfaWQiOiIxNSIsIl9hdXRoX3VzZXJfYmFja2VuZCI6ImRqYW5nby5jb250cmliLmF1dGguYmFja2VuZHMuTW9kZWxCYWNrZW5kIiwiX2F1dGhfdXNlcl9oYXNoIjoiNzkxYjk4MGIwN2M0M2FhZGNiMDk2ZjhhYjZlZjczMTY2OTgwOTZhYiJ9', '2018-09-09 17:14:17.369622'),
('znp5bwx4nfn3koupfw88x22d4ly35yz9', 'OTZhMDIwZDFmMWY3Yjc3ZGJjOGU5YzhkZTA3ODI2NjZiMjk1MjYxMzp7Il9hdXRoX3VzZXJfaWQiOiIyMyIsIl9hdXRoX3VzZXJfYmFja2VuZCI6ImRqYW5nby5jb250cmliLmF1dGguYmFja2VuZHMuTW9kZWxCYWNrZW5kIiwiX2F1dGhfdXNlcl9oYXNoIjoiZTZjYTgzNGViNGExNGQ2MDJlMzIyOGYxMTE5YzliMWU0MmQyYTRhMyJ9', '2018-09-05 12:59:11.117687'),
('zsdfe92msxnanj34n98hprr6vkyipcx4', 'ZDJmNDE0MTFhMGNlNzEzMjYzMzZkZjAwOGQxMGI4MDAzYTRjYzg1YTp7Il9hdXRoX3VzZXJfaWQiOiIxNSIsIl9hdXRoX3VzZXJfYmFja2VuZCI6ImRqYW5nby5jb250cmliLmF1dGguYmFja2VuZHMuTW9kZWxCYWNrZW5kIiwiX2F1dGhfdXNlcl9oYXNoIjoiNzkxYjk4MGIwN2M0M2FhZGNiMDk2ZjhhYjZlZjczMTY2OTgwOTZhYiJ9', '2018-09-05 10:05:35.057528');

-- --------------------------------------------------------

--
-- Table structure for table `django_site`
--

DROP TABLE IF EXISTS `django_site`;
CREATE TABLE `django_site` (
  `id` int(11) NOT NULL,
  `domain` varchar(100) NOT NULL,
  `name` varchar(50) NOT NULL
) ENGINE=InnoDB DEFAULT CHARSET=utf8;

--
-- Dumping data for table `django_site`
--

INSERT INTO `django_site` (`id`, `domain`, `name`) VALUES
(1, 'example.com', 'example.com');

-- --------------------------------------------------------

--
-- Table structure for table `tbl_batchgroups`
--

DROP TABLE IF EXISTS `tbl_batchgroups`;
CREATE TABLE `tbl_batchgroups` (
  `id` int(11) NOT NULL,
  `batchName` varchar(255) NOT NULL,
  `ranking` int(11) NOT NULL
) ENGINE=InnoDB DEFAULT CHARSET=utf8;

--
-- Dumping data for table `tbl_batchgroups`
--

INSERT INTO `tbl_batchgroups` (`id`, `batchName`, `ranking`) VALUES
(1, 'Smoke Vienna', 1),
(2, 'Russian', 2),
(3, 'Smokie', 3),
(4, 'Red Vienna', 4),
(5, 'French Polony', 14),
(6, 'Beef Griller', 5),
(7, 'Chilli Griller', 7),
(8, 'PnP Prem CCV', 10),
(9, 'PnP Prem CV', 9),
(10, 'PnP Prem PSV', 8),
(11, 'Smoked Griller', 6),
(12, 'Chicken Polony', 15),
(13, 'Chicken Vienna', 11),
(14, 'Combos', 12),
(15, 'Hampers', 13),
(16, 'Labels', 20),
(17, 'PnP Prem CCP', 17),
(18, 'PnP Prem CP', 16),
(19, 'Liver Snack', 19),
(20, 'Special Garlic', 18),
(26, 'Batches (Main)', 24),
(27, 'PnP Premium', 25),
(28, 'PnP No Name', 26),
(29, 'PnP Deli', 27),
(30, 'PnP Polony', 28),
(31, 'Grillers', 29),
(32, '~Batches', 30);

-- --------------------------------------------------------

--
-- Table structure for table `tbl_deliveryroutes`
--

DROP TABLE IF EXISTS `tbl_deliveryroutes`;
CREATE TABLE `tbl_deliveryroutes` (
  `id` int(11) NOT NULL,
  `routes` varchar(255) NOT NULL,
  `loadingDay` int(11) DEFAULT NULL
) ENGINE=InnoDB DEFAULT CHARSET=utf8;

-- --------------------------------------------------------

--
-- Table structure for table `tbl_packaging`
--

DROP TABLE IF EXISTS `tbl_packaging`;
CREATE TABLE `tbl_packaging` (
  `id` int(11) NOT NULL,
  `packaging_type` varchar(255) DEFAULT NULL
) ENGINE=InnoDB DEFAULT CHARSET=utf8;

--
-- Dumping data for table `tbl_packaging`
--

INSERT INTO `tbl_packaging` (`id`, `packaging_type`) VALUES
(1, 'Vacuum'),
(2, 'Box'),
(3, 'Bag'),
(4, 'Labels'),
(5, 'Trolley'),
(6, 'Crate');

-- --------------------------------------------------------

--
-- Table structure for table `tbl_processedstockamounts`
--

DROP TABLE IF EXISTS `tbl_processedstockamounts`;
CREATE TABLE `tbl_processedstockamounts` (
  `id` int(11) NOT NULL,
  `amount` varchar(255) NOT NULL,
  `prodName_id` int(11) NOT NULL,
  `time_id` int(11) NOT NULL,
  `container_id` int(11) NOT NULL
) ENGINE=InnoDB DEFAULT CHARSET=utf8;

--
-- Dumping data for table `tbl_processedstockamounts`
--

INSERT INTO `tbl_processedstockamounts` (`id`, `amount`, `prodName_id`, `time_id`, `container_id`) VALUES
(40455, '21', 31, 2, 1),
(40456, '7', 75, 2, 1),
(40457, '13', 72, 2, 1),
(40458, '9', 3, 2, 1),
(40459, '65', 22, 2, 2),
(40460, '108', 23, 2, 2),
(40461, '14', 24, 2, 2),
(40462, '4', 84, 2, 2),
(40463, '40*6', 84, 2, 5),
(40464, '45', 20, 2, 24),
(40465, '23', 33, 2, 24),
(40466, '11', 74, 2, 24),
(40467, '4', 14, 2, 2),
(40468, '15', 6, 2, 24),
(40469, '27', 8, 2, 2),
(40470, '24', 68, 2, 2),
(40471, '25', 25, 2, 2),
(40472, '8', 11, 2, 2),
(40473, '13', 64, 2, 2),
(40474, '66', 5, 2, 2),
(40475, '87', 18, 2, 2),
(40476, '17', 82, 2, 1),
(40477, '5', 79, 2, 1),
(40478, '75', 21, 2, 2),
(40479, '5', 17, 2, 1),
(40480, '11', 16, 2, 1),
(40481, '40', 12, 2, 1),
(40482, '36', 12, 2, 1),
(40483, '1', 86, 2, 1),
(40484, '3', 70, 2, 1),
(40485, '62', 7, 2, 2),
(40486, '23', 38, 2, 1),
(40487, '36*3', 19, 2, 2),
(40488, '15', 19, 2, 2),
(40489, '13', 34, 2, 1),
(40490, '32', 83, 2, 1),
(40491, '80', 83, 2, 1),
(40492, '34', 83, 2, 1),
(40493, '20', 77, 2, 1),
(40494, '120', 77, 2, 1),
(40495, '27', 77, 2, 1),
(40496, '29', 13, 2, 1),
(40497, '40*3', 13, 2, 1),
(40498, '27', 13, 2, 1),
(40499, '40', 67, 2, 1),
(40500, '22', 67, 2, 1),
(40501, '2', 26, 2, 2),
(40502, '8', 29, 2, 2),
(40503, '2', 28, 2, 1),
(40504, '4', 30, 2, 1),
(40505, '1', 35, 2, 2),
(40506, '49', 55, 2, 10),
(40507, '123', 55, 2, 11),
(40508, '16', 55, 2, 11),
(40509, '119', 55, 2, 12),
(40510, '18', 55, 2, 12),
(40511, '80', 55, 2, 13),
(40512, '120', 55, 2, 13),
(40513, '7', 57, 2, 11),
(40514, '17', 50, 2, 10),
(40515, '129', 50, 2, 11),
(40516, '79', 50, 2, 12),
(40517, '41', 50, 2, 13),
(40518, '64', 69, 2, 10),
(40519, '74', 69, 2, 11),
(40520, '99', 69, 2, 12),
(40521, '65', 69, 2, 12),
(40522, '10', 10, 2, 10),
(40523, '75', 10, 2, 11),
(40524, '69', 10, 2, 11),
(40525, '136', 10, 2, 12),
(40526, '18', 53, 2, 10),
(40527, '108', 53, 2, 11),
(40528, '29', 85, 2, 10),
(40529, '150', 85, 2, 11),
(40530, '68', 85, 2, 11),
(40531, '116', 85, 2, 12),
(40532, '45', 85, 2, 12),
(40533, '189', 85, 2, 13),
(40534, '17', 54, 2, 10),
(40535, '67', 54, 2, 11),
(40536, '29', 54, 2, 11),
(40537, '107', 54, 2, 12),
(40538, '8', 54, 2, 13),
(40539, '103', 48, 2, 11),
(40540, '81', 51, 2, 11),
(40541, '29', 81, 2, 10),
(40542, '45', 81, 2, 11),
(40543, '25', 81, 2, 11),
(40544, '66', 81, 2, 12),
(40545, '27', 81, 2, 13),
(40546, '12', 123, 2, 11),
(40547, '8', 123, 2, 12),
(40548, '7', 124, 2, 11),
(40549, '9', 124, 2, 12),
(40550, '55', 65, 2, 10),
(40551, '6', 65, 2, 10),
(40552, '19', 65, 2, 11),
(40553, '40', 65, 2, 12),
(40554, '49', 65, 2, 12),
(40555, '57', 65, 2, 12),
(40556, '105', 52, 2, 11),
(40557, '52', 52, 2, 12),
(40558, '23', 52, 2, 13),
(40559, '3', 49, 2, 10),
(40560, '136', 49, 2, 11),
(40561, '43', 49, 2, 12),
(40562, '26', 49, 2, 12),
(40563, '19', 9, 2, 10),
(40564, '65', 9, 2, 11),
(40565, '37', 9, 2, 12),
(40566, '26', 58, 2, 10),
(40567, '10', 58, 2, 11),
(40568, '32', 58, 2, 12),
(40569, '16', 59, 2, 10),
(40570, '20', 59, 2, 11),
(40571, '54', 59, 2, 12),
(40572, '28', 47, 2, 2),
(40573, '40', 114, 2, 4),
(40574, '17', 115, 2, 4),
(40575, '5', 113, 2, 3),
(40576, '39', 113, 2, 4),
(40577, '16', 113, 2, 4),
(40578, '27', 113, 2, 4),
(40579, '2', 113, 2, 6),
(40580, '8', 112, 2, 4),
(40581, '7', 111, 2, 3),
(40582, '48', 111, 2, 4),
(40583, '17', 110, 2, 3),
(40584, '4', 110, 2, 3),
(40585, '48', 110, 2, 4),
(40586, '7', 109, 2, 3),
(40587, '32', 107, 2, 4),
(40588, '28', 106, 2, 4),
(40589, '39', 106, 2, 4),
(40590, '8', 105, 2, 3),
(40591, '8', 105, 2, 3),
(40592, '9', 105, 2, 3),
(40593, '3', 105, 2, 3),
(40594, '1', 105, 2, 6),
(40595, '11', 103, 2, 3),
(40596, '1', 103, 2, 6),
(40600, '20', 18, 4, 1),
(40601, '15', 21, 4, 1),
(40602, '30', 19, 4, 1),
(40839, '21', 31, 3, 1),
(40840, '1', 1, 3, 1),
(40841, '2', 75, 3, 1),
(40842, '7', 75, 3, 1),
(40843, '14', 72, 3, 1),
(40844, '2', 3, 3, 1),
(40845, '7', 3, 3, 1),
(40846, '7*6', 22, 3, 1),
(40847, '4', 22, 3, 1),
(40848, '7*7', 22, 3, 1),
(40849, '20', 22, 3, 1),
(40850, '65', 22, 3, 2),
(40851, '108', 23, 3, 2),
(40852, '8*7', 24, 3, 1),
(40853, '5', 24, 3, 1),
(40854, '6*7', 24, 3, 1),
(40855, '6', 24, 3, 1),
(40856, '9', 24, 3, 1),
(40857, '62', 24, 3, 2),
(40858, '33', 84, 3, 2),
(40859, '240', 84, 3, 5),
(40860, '40', 20, 3, 24),
(40861, '5', 20, 3, 24),
(40862, '7*7', 33, 3, 1),
(40863, '3', 33, 3, 1),
(40864, '21', 33, 3, 24),
(40865, '7*7', 74, 3, 1),
(40866, '6', 74, 3, 1),
(40867, '13', 74, 3, 24),
(40868, '6', 74, 3, 24),
(40869, '4', 14, 3, 2),
(40870, '15', 6, 3, 24),
(40871, '7*8', 8, 3, 1),
(40872, '3', 8, 3, 1),
(40873, '7', 8, 3, 1),
(40874, '62', 8, 3, 2),
(40875, '27', 8, 3, 2),
(40876, '3', 122, 3, 2),
(40877, '23', 68, 3, 2),
(40878, '8', 25, 3, 1),
(40879, '7*7', 25, 3, 1),
(40880, '2', 25, 3, 1),
(40881, '7*8', 25, 3, 1),
(40882, '4', 25, 3, 1),
(40883, '7', 25, 3, 2),
(40884, '25', 25, 3, 2),
(40885, '23', 25, 3, 2),
(40886, '7', 11, 3, 2),
(40887, '13', 64, 3, 2),
(40888, '66', 5, 3, 2),
(40889, '30', 18, 3, 1),
(40890, '7*7', 18, 3, 1),
(40891, '2', 18, 3, 1),
(40892, '7*5', 18, 3, 1),
(40893, '3', 18, 3, 1),
(40894, '6*7', 18, 3, 1),
(40895, '5', 18, 3, 1),
(40896, '10*7', 18, 3, 1),
(40897, '4', 18, 3, 1),
(40898, '8*7', 18, 3, 1),
(40899, '2', 18, 3, 1),
(40900, '70', 18, 3, 2),
(40901, '17', 18, 3, 2),
(40902, '5', 80, 3, 2),
(40903, '39', 82, 3, 1),
(40904, '5', 79, 3, 1),
(40905, '1', 66, 3, 1),
(40906, '8', 76, 3, 1),
(40907, '30', 21, 3, 1),
(40908, '13*7', 21, 3, 1),
(40909, '7*11', 21, 3, 1),
(40910, '1', 21, 3, 1),
(40911, '7*2', 21, 3, 1),
(40912, '6', 21, 3, 1),
(40913, '7*3', 21, 3, 1),
(40914, '2', 21, 3, 1),
(40915, '16*7', 21, 3, 1),
(40916, '7*11', 21, 3, 1),
(40917, '19', 21, 3, 1),
(40918, '59', 21, 3, 2),
(40919, '15', 21, 3, 2),
(40920, '5', 17, 3, 1),
(40921, '11', 16, 3, 1),
(40922, '1', 15, 3, 1),
(40923, '40', 12, 3, 1),
(40924, '35', 12, 3, 1),
(40925, '16', 86, 3, 1),
(40926, '3', 70, 3, 1),
(40927, '61', 7, 3, 2),
(40928, '4*19', 19, 3, 1),
(40929, '3', 19, 3, 1),
(40930, '9*4', 19, 3, 1),
(40931, '10*4', 19, 3, 1),
(40932, '10*4', 19, 3, 1),
(40933, '22*5', 19, 3, 1),
(40934, '3', 19, 3, 1),
(40935, '4*3', 19, 3, 1),
(40936, '4*9', 19, 3, 1),
(40937, '36', 19, 3, 2),
(40938, '15', 19, 3, 2),
(40939, '36', 19, 3, 2),
(40940, '36', 19, 3, 2),
(40941, '2', 19, 3, 23),
(40942, '14', 34, 3, 1),
(40943, '40', 83, 3, 1),
(40944, '40', 83, 3, 1),
(40945, '40', 83, 3, 1),
(40946, '36', 83, 3, 1),
(40947, '40', 77, 3, 1),
(40948, '40', 77, 3, 1),
(40949, '27', 77, 3, 1),
(40950, '9', 77, 3, 1),
(40951, '40', 77, 3, 1),
(40952, '28', 13, 3, 1),
(40953, '40', 13, 3, 1),
(40954, '40', 13, 3, 1),
(40955, '40', 13, 3, 1),
(40956, '40', 13, 3, 1),
(40957, '40', 13, 3, 1),
(40958, '40', 13, 3, 1),
(40959, '40', 13, 3, 1),
(40960, '19', 13, 3, 1),
(40961, '38', 67, 3, 1),
(40962, '22', 67, 3, 1),
(40963, '2', 26, 3, 2),
(40964, '8', 29, 3, 2),
(40965, '2.5', 28, 3, 1),
(40966, '4', 30, 3, 1),
(40967, '5', 30, 3, 1),
(40968, '1', 35, 3, 2),
(40969, '4', 55, 3, 11),
(40970, '18', 55, 3, 12),
(40971, '119', 55, 3, 12),
(40972, '100', 55, 3, 13),
(40973, '110', 55, 3, 13),
(40974, '79', 50, 3, 12),
(40975, '41', 50, 3, 13),
(40976, '98', 50, 3, 13),
(40977, '1', 69, 3, 11),
(40978, '65', 69, 3, 12),
(40979, '99', 69, 3, 12),
(40980, '12', 10, 3, 11),
(40981, '136', 10, 3, 12),
(40982, '116', 10, 3, 12),
(40983, '17', 10, 3, 13),
(40984, '36', 53, 3, 11),
(40985, '53', 53, 3, 11),
(40986, '140', 53, 3, 13),
(40987, '28', 85, 3, 11),
(40988, '45', 85, 3, 12),
(40989, '100', 85, 3, 13),
(40990, '90', 85, 3, 13),
(40991, '6', 54, 3, 11),
(40992, '107', 54, 3, 12),
(40993, '109', 54, 3, 13),
(40994, '100', 54, 3, 13),
(40995, '10*7', 48, 3, 1),
(40996, '5', 48, 3, 1),
(40997, '9*7', 48, 3, 1),
(40998, '2', 48, 3, 1),
(40999, '100', 48, 3, 10),
(41000, '4', 48, 3, 10),
(41001, '1', 48, 3, 23),
(41002, '8*7', 51, 3, 1),
(41003, '7', 51, 3, 1),
(41004, '5*7', 51, 3, 1),
(41005, '4', 51, 3, 1),
(41006, '37', 51, 3, 12),
(41007, '20', 51, 3, 12),
(41008, '13', 81, 3, 11),
(41009, '11', 81, 3, 12),
(41010, '55', 81, 3, 12),
(41011, '27', 81, 3, 13),
(41012, '4', 123, 3, 11),
(41013, '5', 123, 3, 12),
(41014, '3', 123, 3, 12),
(41015, '4', 124, 3, 11),
(41016, '9', 124, 3, 12),
(41017, '10', 65, 3, 11),
(41018, '57', 65, 3, 12),
(41019, '49', 65, 3, 12),
(41020, '40', 65, 3, 12),
(41021, '29', 52, 3, 11),
(41022, '52', 52, 3, 12),
(41023, '23', 52, 3, 13),
(41024, '25', 49, 3, 12),
(41025, '44', 49, 3, 12),
(41026, '26', 49, 3, 12),
(41027, '50', 49, 3, 13),
(41028, '50', 49, 3, 13),
(41029, '50', 49, 3, 13),
(41030, '11', 49, 3, 13),
(41031, '16', 9, 3, 11),
(41032, '37', 9, 3, 12),
(41033, '14', 58, 3, 11),
(41034, '32', 58, 3, 12),
(41035, '1', 58, 3, 13),
(41036, '13', 59, 3, 11),
(41037, '54', 59, 3, 12),
(41038, '7*5', 47, 3, 1),
(41039, '28', 47, 3, 2),
(41040, '40', 114, 3, 4),
(41041, '17', 115, 3, 4),
(41042, '17', 113, 3, 4),
(41043, '38', 113, 3, 4),
(41044, '40', 113, 3, 4),
(41045, '27', 113, 3, 4),
(41046, '8', 112, 3, 4),
(41047, '5', 111, 3, 3),
(41048, '2', 111, 3, 3),
(41049, '40', 111, 3, 4),
(41050, '10', 111, 3, 4),
(41051, '35', 110, 3, 4),
(41052, '6', 110, 3, 4),
(41053, '6', 109, 3, 3),
(41054, '3', 109, 3, 3),
(41055, '32', 107, 3, 4),
(41056, '4', 106, 3, 3),
(41057, '2', 106, 3, 3),
(41058, '28', 106, 3, 4),
(41059, '39', 106, 3, 4),
(41060, '13.5', 105, 3, 3),
(41061, '2', 105, 3, 3),
(41062, '4', 105, 3, 3),
(41063, '3', 105, 3, 3),
(41064, '2', 104, 3, 3),
(41065, '4', 104, 3, 3),
(41066, '6', 104, 3, 3),
(41067, '3', 104, 3, 3),
(41068, '1', 103, 3, 3),
(41069, '7', 103, 3, 3),
(41070, '4', 103, 3, 3),
(41071, '6', 103, 3, 3),
(41072, '1', 103, 3, 3),
(41073, '1', 103, 3, 3),
(41074, '4', 103, 3, 6),
(41075, '30', 31, 1, 1),
(41076, '2', 1, 1, 1),
(41077, '78', 75, 1, 1),
(41078, '168', 72, 1, 1),
(41079, '9', 3, 1, 1),
(41080, '64', 22, 1, 2),
(41081, '108', 23, 1, 2),
(41082, '62', 24, 1, 2),
(41083, '38', 84, 1, 2),
(41084, '6*54', 84, 1, 5),
(41085, '45', 20, 1, 24),
(41086, '15', 20, 1, 24),
(41087, '21', 33, 1, 24),
(41088, '17', 74, 1, 24),
(41089, '3', 74, 1, 24),
(41090, '4', 14, 1, 2),
(41091, '15', 6, 1, 24),
(41092, '27', 8, 1, 2),
(41093, '24', 68, 1, 2),
(41094, '33', 25, 1, 2),
(41095, '25', 25, 1, 2),
(41096, '40', 11, 1, 2),
(41097, '13', 64, 1, 2),
(41098, '66', 5, 1, 2),
(41099, '52', 18, 1, 2),
(41100, '70', 18, 1, 2),
(41101, '49', 18, 1, 2),
(41102, '50', 18, 1, 2),
(41103, '43', 80, 1, 2),
(41104, '54', 82, 1, 1),
(41105, '5', 79, 1, 1),
(41106, '7', 66, 1, 1),
(41107, '8', 76, 1, 1),
(41108, '59', 21, 1, 2),
(41109, '15', 21, 1, 2),
(41110, '45', 21, 1, 2),
(41111, '22', 21, 1, 2),
(41112, '5', 17, 1, 1),
(41113, '11', 16, 1, 1),
(41114, '21', 15, 1, 1),
(41115, '73', 12, 1, 1),
(41116, '22', 86, 1, 1),
(41117, '5', 86, 1, 1),
(41118, '3', 70, 1, 1),
(41119, '62', 7, 1, 2),
(41120, '36', 19, 1, 2),
(41121, '15', 19, 1, 2),
(41122, '36', 19, 1, 2),
(41123, '36', 19, 1, 2),
(41124, '12', 34, 1, 1),
(41125, '160', 83, 1, 1),
(41126, '141', 83, 1, 1),
(41127, '120', 77, 1, 1),
(41128, '33', 77, 1, 1),
(41129, '160', 13, 1, 1),
(41130, '160', 13, 1, 1),
(41131, '8', 13, 1, 1),
(41132, '38', 67, 1, 1),
(41133, '20', 67, 1, 1),
(41134, '2', 26, 1, 2),
(41135, '15', 29, 1, 2),
(41136, '3', 28, 1, 1),
(41137, '9', 30, 1, 1),
(41138, '1', 35, 1, 2),
(41139, '3', 46, 1, 2),
(41140, '5', 40, 1, 2),
(41141, '5', 36, 1, 2),
(41142, '119', 55, 1, 12),
(41143, '18', 55, 1, 12),
(41144, '210', 55, 1, 13),
(41145, '150', 55, 1, 14),
(41146, '79', 50, 1, 12),
(41147, '41', 50, 1, 13),
(41148, '98', 50, 1, 13),
(41149, '164', 69, 1, 12),
(41150, '97', 69, 1, 13),
(41151, '145', 69, 1, 14),
(41152, '136', 10, 1, 12),
(41153, '169', 10, 1, 12),
(41154, '176', 53, 1, 13),
(41155, '116', 85, 1, 12),
(41156, '45', 85, 1, 12),
(41157, '190', 85, 1, 13),
(41158, '107', 54, 1, 12),
(41159, '209', 54, 1, 13),
(41160, '55', 81, 1, 12),
(41161, '18', 81, 1, 12),
(41162, '27', 81, 1, 13),
(41163, '38', 81, 1, 13),
(41164, '8', 123, 1, 12),
(41165, '9', 124, 1, 12),
(41166, '40', 65, 1, 12),
(41167, '146', 65, 1, 12),
(41168, '52', 52, 1, 12),
(41169, '46', 52, 1, 13),
(41170, '44', 49, 1, 12),
(41171, '25', 49, 1, 12),
(41172, '161', 49, 1, 13),
(41173, '41', 9, 1, 12),
(41174, '37', 9, 1, 13),
(41175, '50', 9, 1, 13),
(41176, '32', 58, 1, 12),
(41177, '1', 58, 1, 13),
(41178, '54', 59, 1, 12),
(41179, '4', 59, 1, 13),
(41180, '28', 47, 1, 2),
(41181, '2', 114, 1, 3),
(41182, '1', 115, 1, 3),
(41183, '4', 115, 1, 3),
(41184, '6', 109, 1, 3),
(41185, '2', 109, 1, 3),
(41186, '5', 106, 1, 3),
(41187, '15', 105, 1, 3),
(41188, '2', 105, 1, 3),
(41189, '5', 105, 1, 3),
(41190, '1', 105, 1, 3),
(41191, '2', 105, 1, 3),
(41192, '4', 103, 1, 3),
(41193, '4', 103, 1, 3),
(41194, '22', 103, 1, 3),
(41195, '6', 103, 1, 3),
(41196, '2', 103, 1, 3),
(41197, '2', 108, 1, 3);

-- --------------------------------------------------------

--
-- Table structure for table `tbl_productbrands`
--

DROP TABLE IF EXISTS `tbl_productbrands`;
CREATE TABLE `tbl_productbrands` (
  `id` int(11) NOT NULL,
  `brand` varchar(255) DEFAULT NULL
) ENGINE=InnoDB DEFAULT CHARSET=utf8;

--
-- Dumping data for table `tbl_productbrands`
--

INSERT INTO `tbl_productbrands` (`id`, `brand`) VALUES
(1, 'Shoprite'),
(2, 'Vencor'),
(3, 'Freshers'),
(4, 'Makro'),
(5, 'PnP'),
(6, 'OBC'),
(7, 'Extras\r\n'),
(8, 'Merlog'),
(9, '~Batch');

-- --------------------------------------------------------

--
-- Table structure for table `tbl_productcontainernames`
--

DROP TABLE IF EXISTS `tbl_productcontainernames`;
CREATE TABLE `tbl_productcontainernames` (
  `id` int(11) NOT NULL,
  `containerName` varchar(255) DEFAULT NULL
) ENGINE=InnoDB DEFAULT CHARSET=utf8;

--
-- Dumping data for table `tbl_productcontainernames`
--

INSERT INTO `tbl_productcontainernames` (`id`, `containerName`) VALUES
(1, 'Crate'),
(2, 'Box'),
(3, 'Trolley'),
(4, 'Bulk Bags'),
(5, 'Pasturised (Pakkies)'),
(6, 'Buggies'),
(7, 'Hopper'),
(8, 'Lugs'),
(9, 'Day 1 Lug'),
(10, 'Day 2 Lug'),
(11, 'Day 3 Lug'),
(12, 'Day 4 Lug'),
(13, 'Day 5 Lug'),
(14, 'Day 6 Lug'),
(15, 'Day 7 Lug'),
(23, 'Cooking Pot (ton)'),
(24, 'Crates with bags');

-- --------------------------------------------------------

--
-- Table structure for table `tbl_productcontainers`
--

DROP TABLE IF EXISTS `tbl_productcontainers`;
CREATE TABLE `tbl_productcontainers` (
  `id` int(11) NOT NULL,
  `containernameid_id` int(11) NOT NULL,
  `productid_id` int(11) NOT NULL,
  `deleteContainerAmount` tinyint(1) NOT NULL
) ENGINE=InnoDB DEFAULT CHARSET=utf8;

--
-- Dumping data for table `tbl_productcontainers`
--

INSERT INTO `tbl_productcontainers` (`id`, `containernameid_id`, `productid_id`, `deleteContainerAmount`) VALUES
(1, 1, 1, 1),
(2, 1, 2, 1),
(3, 1, 3, 1),
(4, 1, 4, 1),
(5, 1, 5, 1),
(6, 2, 5, 1),
(7, 24, 6, 1),
(8, 1, 7, 1),
(9, 2, 7, 1),
(10, 2, 8, 1),
(11, 1, 8, 1),
(12, 9, 9, 1),
(13, 10, 9, 1),
(14, 11, 9, 1),
(15, 12, 9, 1),
(16, 13, 9, 1),
(17, 14, 9, 1),
(18, 15, 9, 1),
(19, 9, 10, 1),
(20, 11, 10, 1),
(21, 12, 10, 1),
(22, 13, 10, 1),
(23, 14, 10, 1),
(24, 15, 10, 1),
(25, 10, 10, 1),
(26, 2, 11, 1),
(27, 1, 12, 1),
(28, 1, 13, 1),
(29, 2, 14, 1),
(30, 1, 15, 1),
(31, 1, 16, 1),
(32, 1, 17, 1),
(33, 1, 18, 0),
(34, 2, 18, 1),
(35, 1, 19, 0),
(36, 2, 19, 1),
(37, 24, 20, 1),
(38, 1, 21, 0),
(39, 2, 21, 1),
(40, 1, 22, 1),
(41, 2, 22, 1),
(42, 2, 23, 1),
(43, 1, 24, 1),
(44, 2, 24, 1),
(45, 1, 25, 1),
(46, 2, 25, 1),
(47, 2, 26, 1),
(48, 1, 27, 1),
(49, 1, 28, 1),
(50, 2, 29, 1),
(51, 1, 30, 1),
(52, 1, 31, 1),
(53, 1, 33, 1),
(54, 1, 34, 1),
(55, 2, 35, 1),
(56, 2, 36, 1),
(57, 2, 37, 1),
(58, 1, 38, 1),
(59, 2, 39, 1),
(60, 2, 40, 1),
(61, 2, 41, 1),
(62, 2, 42, 1),
(63, 2, 43, 1),
(64, 2, 44, 1),
(65, 2, 45, 1),
(66, 2, 46, 1),
(67, 2, 47, 1),
(68, 1, 47, 1),
(69, 9, 48, 1),
(70, 10, 48, 1),
(71, 11, 48, 1),
(72, 12, 48, 1),
(73, 13, 48, 1),
(74, 14, 48, 1),
(75, 15, 48, 1),
(76, 9, 49, 1),
(77, 10, 49, 1),
(78, 11, 49, 1),
(79, 12, 49, 1),
(80, 13, 49, 1),
(81, 14, 49, 1),
(82, 15, 49, 1),
(83, 9, 50, 1),
(84, 10, 50, 1),
(85, 11, 50, 1),
(86, 12, 50, 1),
(87, 13, 50, 1),
(88, 14, 50, 1),
(89, 15, 50, 1),
(90, 9, 51, 1),
(91, 10, 51, 1),
(92, 11, 51, 1),
(93, 12, 51, 1),
(94, 13, 51, 1),
(95, 14, 51, 1),
(96, 15, 51, 1),
(97, 9, 52, 1),
(98, 10, 52, 1),
(99, 11, 52, 1),
(100, 12, 52, 1),
(101, 13, 52, 1),
(102, 14, 52, 1),
(103, 15, 52, 1),
(104, 9, 53, 1),
(105, 10, 53, 1),
(106, 11, 53, 1),
(107, 12, 53, 1),
(108, 13, 53, 1),
(109, 14, 53, 1),
(110, 15, 53, 1),
(111, 9, 54, 1),
(112, 10, 54, 1),
(113, 11, 54, 1),
(114, 12, 54, 1),
(115, 13, 54, 1),
(116, 14, 54, 1),
(117, 15, 54, 1),
(118, 9, 55, 1),
(119, 10, 55, 1),
(120, 11, 55, 1),
(121, 12, 55, 1),
(122, 13, 55, 1),
(123, 14, 55, 1),
(124, 15, 55, 1),
(125, 9, 56, 1),
(126, 10, 56, 1),
(127, 11, 56, 1),
(128, 12, 56, 1),
(129, 13, 56, 1),
(130, 14, 56, 1),
(131, 15, 56, 1),
(132, 9, 57, 1),
(133, 10, 57, 1),
(134, 11, 57, 1),
(135, 12, 57, 1),
(136, 13, 57, 1),
(137, 14, 57, 1),
(138, 15, 57, 1),
(139, 9, 58, 1),
(140, 10, 58, 1),
(141, 11, 58, 1),
(142, 12, 58, 1),
(143, 13, 58, 1),
(144, 14, 58, 1),
(145, 15, 58, 1),
(146, 9, 59, 1),
(147, 10, 59, 1),
(148, 11, 59, 1),
(149, 12, 59, 1),
(150, 13, 59, 1),
(151, 14, 59, 1),
(152, 15, 59, 1),
(153, 9, 60, 1),
(154, 10, 60, 1),
(155, 11, 60, 1),
(156, 12, 60, 1),
(157, 13, 60, 1),
(158, 14, 60, 1),
(159, 15, 60, 1),
(160, 9, 61, 1),
(161, 10, 61, 1),
(162, 11, 61, 1),
(163, 12, 61, 1),
(164, 13, 61, 1),
(165, 14, 61, 1),
(166, 15, 61, 1),
(167, 1, 62, 1),
(168, 1, 63, 1),
(169, 2, 64, 1),
(170, 9, 65, 1),
(171, 10, 65, 1),
(172, 11, 65, 1),
(173, 12, 65, 1),
(174, 13, 65, 1),
(175, 14, 65, 1),
(176, 15, 65, 1),
(177, 1, 66, 1),
(178, 1, 67, 1),
(179, 2, 68, 1),
(180, 9, 69, 1),
(181, 10, 69, 1),
(182, 11, 69, 1),
(183, 12, 69, 1),
(184, 13, 69, 1),
(185, 14, 69, 1),
(186, 15, 69, 1),
(187, 1, 70, 1),
(188, 1, 72, 1),
(189, 1, 73, 1),
(190, 1, 74, 1),
(192, 1, 75, 1),
(193, 1, 76, 1),
(194, 1, 77, 1),
(195, 2, 78, 1),
(196, 1, 79, 1),
(197, 2, 80, 1),
(199, 9, 81, 1),
(200, 10, 81, 1),
(201, 11, 81, 1),
(202, 12, 81, 1),
(203, 13, 81, 1),
(204, 14, 81, 1),
(205, 15, 81, 1),
(206, 1, 82, 1),
(207, 1, 83, 1),
(208, 2, 84, 1),
(209, 9, 85, 1),
(210, 10, 85, 1),
(211, 11, 85, 1),
(212, 12, 85, 1),
(213, 13, 85, 1),
(214, 14, 85, 1),
(215, 15, 85, 1),
(216, 1, 86, 1),
(217, 1, 87, 1),
(218, 1, 88, 1),
(219, 1, 89, 1),
(220, 1, 90, 1),
(221, 1, 91, 1),
(222, 2, 92, 1),
(223, 2, 93, 1),
(224, 2, 94, 1),
(225, 2, 95, 1),
(226, 2, 96, 1),
(227, 2, 97, 1),
(228, 2, 98, 1),
(229, 2, 99, 1),
(230, 2, 100, 1),
(231, 2, 101, 1),
(232, 2, 102, 1),
(233, 3, 103, 1),
(234, 6, 103, 1),
(235, 7, 103, 1),
(236, 3, 104, 1),
(237, 6, 104, 1),
(238, 7, 104, 1),
(239, 3, 105, 1),
(240, 6, 105, 1),
(241, 7, 105, 1),
(242, 3, 106, 1),
(243, 6, 106, 1),
(244, 7, 106, 1),
(245, 4, 106, 1),
(246, 5, 84, 1),
(247, 5, 29, 1),
(248, 5, 14, 1),
(249, 5, 11, 1),
(250, 3, 107, 1),
(251, 6, 107, 1),
(252, 7, 107, 1),
(253, 4, 107, 1),
(254, 3, 108, 1),
(255, 6, 108, 1),
(256, 7, 108, 1),
(257, 4, 108, 1),
(258, 3, 109, 1),
(259, 6, 109, 1),
(260, 7, 109, 1),
(261, 3, 110, 1),
(262, 6, 110, 1),
(263, 7, 110, 1),
(264, 4, 110, 1),
(265, 3, 111, 1),
(266, 6, 111, 1),
(267, 7, 111, 1),
(268, 4, 111, 1),
(269, 3, 112, 1),
(270, 6, 112, 1),
(271, 7, 112, 1),
(272, 4, 112, 1),
(273, 3, 113, 1),
(274, 6, 113, 1),
(275, 7, 113, 1),
(276, 4, 113, 1),
(277, 3, 114, 1),
(278, 6, 114, 1),
(279, 7, 114, 1),
(280, 4, 114, 1),
(281, 3, 115, 1),
(282, 6, 115, 1),
(283, 7, 115, 1),
(284, 4, 115, 1),
(291, 6, 118, 1),
(292, 7, 118, 1),
(294, 6, 119, 1),
(295, 7, 119, 1),
(297, 6, 120, 1),
(298, 7, 120, 1),
(303, 2, 122, 1),
(304, 23, 22, 1),
(305, 23, 24, 1),
(306, 23, 18, 1),
(307, 23, 21, 1),
(308, 23, 19, 1),
(309, 23, 47, 1),
(310, 23, 25, 1),
(311, 1, 48, 1),
(312, 23, 48, 1),
(313, 1, 51, 1),
(314, 23, 51, 1),
(317, 9, 123, 1),
(318, 10, 123, 1),
(319, 11, 123, 1),
(320, 12, 123, 1),
(321, 13, 123, 1),
(322, 14, 123, 1),
(323, 15, 123, 1),
(324, 9, 124, 1),
(325, 10, 124, 1),
(326, 11, 124, 1),
(327, 12, 124, 1),
(328, 13, 124, 1),
(329, 14, 124, 1),
(330, 15, 124, 1),
(331, 24, 33, 1),
(332, 24, 74, 1),
(337, 23, 8, 1),
(338, 23, 7, 1),
(339, 23, 5, 1);

-- --------------------------------------------------------

--
-- Table structure for table `tbl_productgroupnames`
--

DROP TABLE IF EXISTS `tbl_productgroupnames`;
CREATE TABLE `tbl_productgroupnames` (
  `id` int(11) NOT NULL,
  `groupName` varchar(255) DEFAULT NULL,
  `group` varchar(255) DEFAULT NULL,
  `groupRating` int(11) DEFAULT NULL
) ENGINE=InnoDB DEFAULT CHARSET=utf8;

--
-- Dumping data for table `tbl_productgroupnames`
--

INSERT INTO `tbl_productgroupnames` (`id`, `groupName`, `group`, `groupRating`) VALUES
(1, 'All Products', NULL, NULL),
(2, 'Vencor Products', NULL, NULL),
(3, 'Polony', NULL, NULL),
(4, 'Macro', NULL, NULL),
(5, 'FLM Freshers', NULL, NULL),
(6, 'PnP Products', NULL, NULL),
(7, 'Shoprite Northern', NULL, NULL),
(8, 'Shoprite Gauteng', NULL, NULL),
(9, 'PnP Deli', 'weekT', 1),
(10, 'PnP Prem & NN', NULL, NULL),
(11, 'PnP Premium', 'weekT', 2),
(12, 'PnP No Name', 'weekT', 3),
(13, 'PnP Polony', 'weekT', 4);

-- --------------------------------------------------------

--
-- Table structure for table `tbl_productgroups`
--

DROP TABLE IF EXISTS `tbl_productgroups`;
CREATE TABLE `tbl_productgroups` (
  `id` int(11) NOT NULL,
  `groupnameid_id` int(11) NOT NULL,
  `productid_id` int(11) NOT NULL
) ENGINE=InnoDB DEFAULT CHARSET=utf8;

--
-- Dumping data for table `tbl_productgroups`
--

INSERT INTO `tbl_productgroups` (`id`, `groupnameid_id`, `productid_id`) VALUES
(3, 1, 1),
(4, 1, 2),
(5, 1, 3),
(6, 1, 4),
(7, 1, 5),
(8, 1, 6),
(9, 1, 7),
(10, 1, 8),
(11, 1, 9),
(12, 1, 10),
(13, 1, 11),
(14, 1, 12),
(15, 1, 13),
(16, 1, 14),
(17, 1, 15),
(18, 1, 16),
(19, 1, 17),
(20, 1, 18),
(21, 1, 19),
(22, 1, 20),
(23, 1, 21),
(24, 1, 22),
(25, 1, 23),
(26, 1, 24),
(27, 1, 25),
(28, 1, 26),
(29, 1, 27),
(30, 1, 28),
(31, 1, 29),
(32, 1, 30),
(33, 1, 31),
(34, 1, 32),
(35, 1, 33),
(36, 1, 34),
(37, 1, 35),
(38, 1, 36),
(39, 1, 37),
(40, 1, 38),
(41, 1, 39),
(42, 1, 40),
(43, 1, 41),
(44, 1, 42),
(45, 1, 43),
(46, 1, 44),
(47, 1, 45),
(48, 1, 46),
(49, 1, 47),
(50, 1, 48),
(51, 1, 49),
(52, 1, 50),
(53, 1, 51),
(54, 1, 52),
(55, 1, 53),
(56, 1, 54),
(57, 1, 55),
(58, 1, 56),
(59, 1, 57),
(60, 1, 58),
(61, 1, 59),
(62, 1, 60),
(63, 1, 61),
(64, 1, 62),
(65, 1, 63),
(66, 1, 64),
(67, 1, 65),
(68, 1, 66),
(69, 1, 67),
(70, 1, 68),
(71, 1, 69),
(72, 1, 70),
(73, 1, 71),
(74, 1, 72),
(75, 1, 73),
(76, 1, 74),
(77, 1, 75),
(78, 1, 76),
(79, 1, 77),
(80, 1, 78),
(81, 1, 79),
(82, 1, 80),
(83, 1, 81),
(84, 1, 82),
(85, 1, 83),
(86, 1, 84),
(87, 1, 85),
(88, 1, 86),
(89, 1, 87),
(90, 1, 88),
(91, 1, 89),
(92, 1, 90),
(93, 1, 91),
(94, 2, 1),
(95, 2, 2),
(96, 2, 3),
(97, 2, 4),
(98, 2, 5),
(99, 2, 6),
(100, 2, 7),
(101, 2, 8),
(102, 2, 11),
(103, 2, 12),
(104, 2, 13),
(105, 2, 14),
(106, 2, 15),
(107, 2, 16),
(108, 2, 17),
(109, 2, 18),
(110, 2, 19),
(111, 2, 20),
(112, 2, 21),
(113, 2, 22),
(114, 2, 23),
(115, 2, 24),
(116, 2, 25),
(117, 2, 31),
(118, 2, 33),
(119, 2, 34),
(120, 2, 38),
(121, 2, 47),
(122, 2, 62),
(123, 2, 63),
(124, 2, 64),
(125, 2, 66),
(126, 2, 67),
(127, 2, 68),
(128, 2, 70),
(129, 2, 72),
(130, 2, 73),
(131, 2, 74),
(132, 2, 76),
(133, 2, 77),
(134, 2, 78),
(135, 2, 79),
(136, 2, 80),
(137, 2, 82),
(138, 2, 83),
(139, 2, 84),
(140, 2, 86),
(141, 3, 18),
(142, 3, 19),
(143, 3, 20),
(144, 3, 21),
(145, 3, 22),
(146, 3, 23),
(147, 3, 24),
(148, 3, 25),
(149, 3, 33),
(150, 3, 74),
(151, 4, 35),
(152, 4, 36),
(153, 4, 37),
(154, 4, 39),
(155, 4, 40),
(156, 4, 41),
(157, 4, 42),
(158, 4, 43),
(159, 4, 44),
(160, 4, 45),
(161, 4, 46),
(162, 5, 5),
(163, 5, 6),
(164, 5, 7),
(165, 5, 11),
(166, 5, 14),
(167, 5, 17),
(168, 5, 18),
(169, 5, 21),
(170, 5, 23),
(171, 5, 26),
(172, 5, 27),
(173, 5, 28),
(174, 5, 29),
(175, 5, 30),
(176, 5, 33),
(177, 5, 34),
(178, 5, 38),
(179, 5, 64),
(180, 5, 68),
(181, 5, 74),
(182, 5, 80),
(183, 5, 84),
(184, 6, 9),
(185, 6, 10),
(186, 6, 48),
(187, 6, 49),
(188, 6, 50),
(189, 6, 51),
(190, 6, 52),
(191, 6, 53),
(192, 6, 54),
(193, 6, 55),
(194, 6, 56),
(195, 6, 57),
(196, 6, 58),
(197, 6, 59),
(198, 6, 65),
(199, 6, 69),
(200, 6, 81),
(201, 6, 85),
(202, 7, 1),
(203, 7, 3),
(204, 7, 21),
(205, 7, 31),
(206, 7, 63),
(207, 7, 70),
(208, 7, 72),
(209, 7, 75),
(210, 8, 92),
(211, 8, 93),
(212, 8, 94),
(213, 8, 95),
(214, 8, 96),
(215, 8, 97),
(216, 8, 98),
(217, 8, 99),
(218, 8, 100),
(219, 8, 101),
(220, 8, 102),
(221, 9, 54),
(222, 9, 55),
(223, 10, 9),
(224, 10, 10),
(225, 10, 48),
(226, 10, 49),
(227, 10, 50),
(228, 10, 51),
(229, 10, 52),
(230, 10, 53),
(231, 10, 56),
(232, 10, 57),
(233, 10, 58),
(234, 10, 59),
(235, 10, 65),
(236, 10, 69),
(237, 10, 81),
(238, 10, 85),
(239, 11, 49),
(240, 11, 50),
(241, 11, 52),
(242, 11, 53),
(243, 12, 9),
(244, 12, 10),
(245, 12, 65),
(246, 12, 69),
(247, 13, 48),
(248, 13, 51);

-- --------------------------------------------------------

--
-- Table structure for table `tbl_productlist`
--

DROP TABLE IF EXISTS `tbl_productlist`;
CREATE TABLE `tbl_productlist` (
  `id` int(11) NOT NULL,
  `productid` varchar(20) NOT NULL,
  `prodDescription` varchar(255) DEFAULT NULL,
  `unitWeight` double DEFAULT NULL,
  `packageWeight` double DEFAULT NULL,
  `productonhold` tinyint(1) NOT NULL,
  `batchRanking` int(11) DEFAULT NULL,
  `batchgroup_id` int(11) NOT NULL,
  `packaging_id` int(11) DEFAULT NULL,
  `brand_id` int(11) DEFAULT NULL,
  `stocktakegroup` int(11) NOT NULL
) ENGINE=InnoDB DEFAULT CHARSET=utf8;

--
-- Dumping data for table `tbl_productlist`
--

INSERT INTO `tbl_productlist` (`id`, `productid`, `prodDescription`, `unitWeight`, `packageWeight`, `productonhold`, `batchRanking`, `batchgroup_id`, `packaging_id`, `brand_id`, `stocktakegroup`) VALUES
(1, 'CBG2', 'Beef Griller Chilled  2kg (Vacuum)', 2, 2, 0, 3, 6, 1, 1, 6),
(2, 'CBG500', 'Beef Griller Chilled 500g (Vacuum)', 0.5, 8, 1, 1, 6, 1, 1, 6),
(3, 'CHG2', 'Chilli Griller 2kg (Vacuum)', 2, 2, 0, 3, 7, 1, 1, 7),
(4, 'CHG500', 'Chilli Griller 500g (Vacuum)', 0.5, 8, 1, 1, 7, 1, 1, 7),
(5, 'CP1', 'Chicken Polony 1 kg (Box)', 1, 18, 0, 3, 12, 2, 2, 12),
(6, 'CP105', 'Chicken Polony 500g (10 in a bag)', 0.5, 5, 0, 1, 12, 3, 2, 12),
(7, 'CP2', 'Chicken Polony 2 kg (Box)', 2, 18, 0, 4, 12, 2, 2, 12),
(8, 'CP500', 'Chicken Polony 500g (Box)', 0.5, 21, 0, 2, 12, 2, 2, 12),
(9, 'CV1NN', 'Chicken Vienna No Name PnP 1 kg', 1, 12, 0, 2, 13, 1, 5, 28),
(10, 'CV500NN', 'Chicken Vienna No Name PnP 500g', 0.5, 5, 0, 1, 13, 1, 5, 28),
(11, 'ER1', 'Russian 1 kg (Vacuum - Box)', 1, 14, 0, 2, 2, 2, 2, 2),
(12, 'ER2', 'Russian 2 kg (Bag)', 2, 2, 0, 5, 2, 3, 2, 2),
(13, 'ER5', 'Russian 5 kg (Bag)', 5, 5, 0, 6, 2, 3, 2, 2),
(14, 'ER500', 'Russian 500g (Vacuum)', 0.5, 7.5, 0, 1, 2, 2, 2, 2),
(15, 'ERV2', 'Russian 2 kg (Vacuum)', 2, 2, 0, 4, 2, 1, 2, 2),
(16, 'FLR', 'Footlong Russian 2 kg (Bag)', 2, 2, 0, 11, 2, 3, 2, 2),
(17, 'FLRV', 'Footlong Russian 2 kg (Vacuum)', 2, 2, 0, 10, 2, 1, 2, 2),
(18, 'FP1', 'French Polony 1 kg (Box)', 1, 18, 0, 6, 5, 2, 2, 5),
(19, 'FP3', 'French Polony 3 kg (Box)', 3, 27, 0, 8, 5, 2, 2, 5),
(20, 'FP105', 'French Polony 500g (Sak van 10)', 0.5, 5, 0, 3, 5, 3, 2, 5),
(21, 'FP2', 'French Polony 2 kg (Box)', 2, 18, 0, 7, 5, 2, 2, 5),
(22, 'FP250', 'French Polony 250g (72 per Box)', 0.25, 18, 0, 2, 5, 2, 2, 5),
(23, 'FP250S', 'French Polony 250g (28 per Box)', 0.25, 7, 0, 1, 5, 2, 2, 5),
(24, 'FP500', 'French Polony 500g (Box)', 0.5, 21, 0, 4, 5, 2, 2, 5),
(25, 'FP750', 'French Polony 750g (Box)', 0.75, 13.5, 0, 5, 5, 2, 2, 5),
(26, 'FRV1', 'Freshers Red Vienna 1 kg (Vacuum)', 1, 15, 0, 8, 4, 1, 3, 4),
(27, 'FRVV2', 'Freshers Red Vienna 2 kg (Vacuum)', 2, 18, 1, 9, 4, 1, 3, 4),
(28, 'FSSV2', 'Freshers Smokies 2 kg  (Vacuum)', 2, 2, 0, 11, 3, 1, 3, 3),
(29, 'FSV1', 'Freshers Smoked Vienna 1 kg (Vacuum)', 1, 15, 0, 13, 1, 1, 3, 1),
(30, 'FSVV2', 'Freshers Smoked Vienna 2 kg  (Vacuum)', 2, 2, 0, 14, 1, 1, 3, 1),
(31, 'GC1.5', 'Griller Combo 1.5 kg (Vacuum)', 1.5, 1.5, 0, 1, 14, 1, 1, 14),
(32, 'Lables', 'Labels', 0, 0, 1, 1, 16, 4, 7, 16),
(33, 'LS500', 'Liver Snack 500g (Sak van 10)', 0.5, 5, 0, 1, 19, 3, 2, 5),
(34, 'MAXI', 'Maxi Hamper', 4, 4, 0, 2, 15, 3, 2, 15),
(35, 'MER1', 'Macro Russian 1 kg (Vacuum)', 1, 14, 0, 7, 2, 2, 4, 2),
(36, 'MER5', 'Macro Russian 5 kg (Vacuum)', 5, 20, 0, 9, 2, 2, 4, 2),
(37, 'MFLRV2', 'Macro Footlong Russian 2kg (Vacuum)', 2, 14, 0, 8, 2, 2, 4, 2),
(38, 'MINI', 'Mini Hamper', 3, 3, 0, 1, 15, 3, 2, 15),
(39, 'MRV1', 'Macro Red Vienna 1 kg (Vacuum)', 1, 15, 0, 10, 4, 2, 4, 4),
(40, 'MRV5', 'Macro Red Vienna 5 kg (Vacuum)', 5, 20, 0, 11, 4, 2, 4, 4),
(41, 'MSS1', 'Macro Smokie 1 kg (Vacuum)', 1, 14, 0, 12, 3, 2, 4, 3),
(42, 'MSS5', 'Macro Smokie 5 kg (Bag)', 5, 20, 0, 14, 3, 2, 4, 3),
(43, 'MSSV2', 'Macro Smokie 2 kg (Vacuum)', 2, 14, 0, 13, 3, 2, 4, 3),
(44, 'MSV1', 'Macro Smoke Vienna 1 kg (Vacuum)', 1, 15, 0, 10, 1, 2, 4, 1),
(45, 'MSV5', 'Macro Smoke Vienna 5 kg (Bag)', 5, 20, 0, 12, 1, 2, 4, 1),
(46, 'MSVV2', 'Macro Smoke Vienna 2 kg (Vacuum)', 2, 18, 0, 11, 1, 2, 4, 1),
(47, 'OFP2', 'OBC French Polony 2 kg', 2, 18, 0, 9, 5, 2, 6, 5),
(48, 'PCCP750', 'PnP Prem Chicken Cheese Polony 750g', 0.75, 7.5, 0, 1, 17, 1, 5, 30),
(49, 'PCCV1', 'PnP Prem Chicken Cheese Vienna 1 kg (Vacuum)', 1, 10, 0, 2, 8, 1, 5, 27),
(50, 'PCCV500', 'PnP Prem Chicken Cheese Vienna 500g (Vacuum)', 0.5, 5, 0, 1, 8, 1, 5, 27),
(51, 'PCP900', 'PnP Prem Chicken Polony 900g', 0.9, 9, 0, 1, 18, 1, 5, 30),
(52, 'PCV1', 'PnP Prem Chicken Vienna 1 kg (Vacuum)', 1, 10, 0, 2, 9, 1, 5, 27),
(53, 'PCV500', 'PnP Prem Chicken Vienna 500g (Vacuum)', 0.5, 5, 0, 1, 9, 1, 5, 27),
(54, 'PDS500', 'PnP Deli Smokie 500g (Vacuum)', 0.5, 7.5, 0, 9, 3, 1, 5, 29),
(55, 'PDV500', 'PnP Deli Smoke Vienna 500g (Vacuum)', 0.5, 8, 0, 8, 1, 1, 5, 29),
(56, 'PPSV1', 'PnP Prem Pork Smoke Vienna 1 kg (Vacuum)', 1, 10, 0, 2, 10, 1, 5, 27),
(57, 'PPSV500', 'PnP Prem Pork Smoke Vienna 500g (Vacuum)', 0.5, 5, 0, 1, 10, 1, 5, 27),
(58, 'PSS2', 'PnP No Name Smokie 2 kg (Vacuum)', 2, 16, 0, 10, 3, 1, 5, 28),
(59, 'PSV2', 'PnP No Name Smoke Vienna 2 kg (Vacuum)', 2, 16, 0, 9, 1, 1, 5, 28),
(60, 'PVP3', 'PnP Hamper 3 kg', 3, 3, 0, 3, 15, 3, 5, 15),
(61, 'PVP4', 'PnP Hamper 4 kg', 4, 4, 0, 4, 15, 3, 5, 15),
(62, 'RG500', 'Red Griller 500g (Vacuum - Box)', 0.5, 8, 1, 12, 4, 1, 1, 4),
(63, 'RGV2', 'Red Griller 2 kg (Vacuum)', 2, 2, 0, 14, 4, 1, 1, 4),
(64, 'RV1', 'Red Vienna 1 kg (Vacuum)', 1, 15, 0, 2, 4, 2, 2, 4),
(65, 'RV1NN', 'PnP No Name Red Vienna 1 kg (Vacuum)', 1, 12, 0, 7, 4, 1, 5, 28),
(66, 'RV2', 'Red Vienna 2 kg (Bag)', 2, 2, 0, 4, 4, 3, 2, 4),
(67, 'RV5', 'Red Vienna 5 kg (Bag)', 5, 5, 0, 5, 4, 3, 2, 4),
(68, 'RV500', 'Red Vienna 500g (Vacuum)', 0.5, 8, 0, 1, 4, 2, 2, 4),
(69, 'RV500NN', 'PnP No Name Red Vienna 500 g (Vacuum)', 0.5, 5, 0, 6, 4, 1, 5, 28),
(70, 'RVV2', 'Red Vienna 2 kg (Vacuum)', 2, 2, 0, 3, 4, 1, 2, 4),
(71, 'S/R Lables', 'Shoprite Labels', 0, 0, 1, 2, 16, 4, 7, 16),
(72, 'SG2', 'Smoke Griller 2 kg (Vacuum)', 2, 2, 0, 3, 11, 1, 1, 11),
(73, 'SG500', 'Smoke Griller 500g (Vacuum)', 0.5, 8, 1, 1, 11, 1, 1, 11),
(74, 'SPG500', 'Special Garlic Polony 500g', 0.5, 5, 0, 1, 20, 3, 2, 5),
(75, 'SRS2', 'Shoprite Smokie 2 kg (Vacuum) ???', 2, 2, 0, 7, 3, 1, 1, 3),
(76, 'SS2', 'Smokies 2 kg (Bag)', 2, 2, 0, 4, 3, 3, 2, 3),
(77, 'SS5', 'Smokies 5 kg (Bag)', 5, 5, 0, 5, 3, 3, 2, 3),
(78, 'SS500', 'Smokies 500g (Vacuum)', 0.5, 8, 0, 1, 3, 2, 2, 3),
(79, 'SSV2', 'Smokies 2 kg (Vacuum)', 2, 2, 0, 2, 3, 1, 2, 3),
(80, 'SV1', 'Smoke Vienna 1 kg (Vacuum)', 1, 15, 0, 2, 1, 2, 2, 1),
(81, 'SV1NN', 'PnP No Name Smoke Vienna 1 kg (Vacuum)', 1, 12, 0, 7, 1, 1, 5, 28),
(82, 'SV2', 'Smoke Vienna 2 kg (Bag)', 2, 2, 0, 4, 1, 3, 2, 1),
(83, 'SV5', 'Smoke Vienna 5 kg (Bag)', 5, 5, 0, 5, 1, 3, 2, 1),
(84, 'SV500', 'Smoke Vienna 500g (Vacuum)', 0.5, 8, 0, 1, 1, 2, 2, 1),
(85, 'SV500NN', 'PnP No Name Smoke Vienna 500 g (Vacuum)', 0.5, 5, 0, 6, 1, 1, 5, 28),
(86, 'SVV2', 'Smoke Vienna 2 kg (Vacuum)', 2, 2, 0, 3, 1, 1, 2, 1),
(87, 'VCBG2', 'Vencor Beef Griller Chilled 2 kg (Vacuum)', 2, 2, 1, 5, 6, 1, 1, 6),
(88, 'VCHG2', 'Vencor Chilli Griller 2 kg (Vacuum)', 2, 2, 1, 5, 7, 1, 1, 7),
(89, 'VERV2', 'Vencor Russian 2 kg (Vacuum)', 2, 2, 1, 3, 2, 1, 2, 2),
(90, 'VSG2', 'Vencor Smoke Griller 2 kg (Vacuum)', 2, 2, 1, 5, 11, 1, 2, 11),
(91, 'VSSV2', 'Vencor Smokie 2 kg (Vacuum)', 2, 2, 1, 3, 3, 1, 2, 3),
(92, 'SRS2B', 'Shoprite Smokie 2 kg (Box)', 2, 8, 0, 8, 3, 2, 8, 3),
(93, 'SG2B', 'Smoke Griller 2 kg (Box)', 2, 8, 0, 4, 11, 2, 8, 11),
(94, 'CBG2B', 'Beef Griller Chilled 2 kg (Box)', 2, 8, 0, 4, 6, 2, 8, 6),
(95, 'RGV2B', 'Red Griller 2 kg (Box)', 2, 8, 0, 15, 4, 2, 8, 4),
(96, 'CHG2B', 'Chilli Griller 2 kg (Box)', 2, 8, 0, 4, 7, 2, 8, 7),
(97, 'GC1.5B', 'Griller Combo 1.5 kg (Box)', 1.5, 7.5, 0, 2, 14, 2, 8, 14),
(98, 'SRSS500B', 'Shoprite Smokie 500g (Box)', 0.5, 8, 0, 6, 3, 2, 8, 3),
(99, 'SG500B', 'Smoke Griller 500g (Box)', 0.5, 8, 0, 2, 11, 2, 8, 11),
(100, 'CBG500B', 'Beef Griller Chilled 500g (Box)', 0.5, 8, 0, 2, 6, 2, 8, 6),
(101, 'RG500B', 'Red Griller 500g (Box)', 0.5, 8, 0, 13, 4, 2, 8, 4),
(102, 'SRCG500B', 'Shoprite Chilli Griller 500g (Box)', 0.5, 8, 0, 2, 7, 2, 8, 7),
(103, 'SV', 'Smoke Vienna Batch', 2100, 2100, 0, 1, 26, 5, 9, 1),
(104, 'RV', 'Red Vienna Batch', 2100, 2100, 0, 2, 26, 5, 9, 4),
(105, 'ER', 'Econo Russian Batch', 2100, 2100, 0, 3, 26, 5, 9, 2),
(106, 'SG', 'Smoke Griller  Batch', 2100, 2100, 0, 4, 26, 5, 9, 11),
(107, 'RG', 'Red Griller  Batch', 2100, 2100, 0, 5, 26, 5, 9, 4),
(108, 'FLRT', 'Foot Long Russian  Batch', 2100, 2100, 0, 6, 26, 5, 9, 2),
(109, 'SS', 'Smokies  Batch', 2100, 2100, 0, 7, 26, 5, 9, 3),
(110, 'CCV-PP', 'PnP Premium Chicken & Cheese Vienna  Batch', 2100, 2100, 0, 8, 26, 5, 9, 27),
(111, 'CV-PP', 'PnP Premium Chicken Vienna  Batch', 2100, 2100, 0, 9, 26, 5, 9, 27),
(112, 'PSV-PP', 'PnP Premium Pork Smoke Vienna  Batch', 2100, 2100, 0, 10, 26, 5, 9, 27),
(113, 'CV', 'PnP NN + Vencor Chicken Vienna  Batch', 2100, 2100, 0, 11, 26, 5, 9, 13),
(114, 'BG', 'Beef Griller  Batch', 2100, 2100, 0, 12, 26, 5, 9, 6),
(115, 'CHG', 'Chilli Griller  Batch', 2100, 2100, 0, 13, 26, 5, 9, 7),
(118, 'CCP-PP', 'PnP Chicken & Cheese Polony  Batch', 2100, 2100, 0, 15, 26, 5, 9, 30),
(119, 'CP-PP', 'PnP Chicken Polony  Batch', 2100, 2100, 0, 16, 26, 5, 9, 30),
(120, 'CP', 'Chicken Polony Vencor  Batch', 2100, 2100, 0, 17, 26, 5, 9, 12),
(122, 'CV500', 'Vencor Chicken Vienna 500g (Box)', 0.5, 8, 0, 3, 13, 2, 2, 13),
(123, 'PRV1', 'PnP Deli Red Vienna 1kg (Box)', 1, 5, 0, 9, 4, 2, 5, 29),
(124, 'PSV1', 'PnP Deli Smoke Vienna 1kg (Box)', 1, 5, 0, 9, 1, 2, 5, 29);

-- --------------------------------------------------------

--
-- Table structure for table `tbl_stocktakingtimes`
--

DROP TABLE IF EXISTS `tbl_stocktakingtimes`;
CREATE TABLE `tbl_stocktakingtimes` (
  `id` int(11) NOT NULL,
  `times` time(6) NOT NULL
) ENGINE=InnoDB DEFAULT CHARSET=utf8;

--
-- Dumping data for table `tbl_stocktakingtimes`
--

INSERT INTO `tbl_stocktakingtimes` (`id`, `times`) VALUES
(1, '06:00:00.000000'),
(4, '06:01:00.000000'),
(2, '12:00:00.000000'),
(3, '18:00:00.000000');

--
-- Indexes for dumped tables
--

--
-- Indexes for table `account_emailaddress`
--
ALTER TABLE `account_emailaddress`
  ADD PRIMARY KEY (`id`),
  ADD UNIQUE KEY `email` (`email`),
  ADD KEY `account_emailaddress_user_id_2c513194_fk_auth_user_id` (`user_id`);

--
-- Indexes for table `account_emailconfirmation`
--
ALTER TABLE `account_emailconfirmation`
  ADD PRIMARY KEY (`id`),
  ADD UNIQUE KEY `key` (`key`),
  ADD KEY `account_emailconfirm_email_address_id_5b7f8c58_fk_account_e` (`email_address_id`);

--
-- Indexes for table `authtoken_token`
--
ALTER TABLE `authtoken_token`
  ADD PRIMARY KEY (`key`),
  ADD UNIQUE KEY `user_id` (`user_id`);

--
-- Indexes for table `auth_group`
--
ALTER TABLE `auth_group`
  ADD PRIMARY KEY (`id`),
  ADD UNIQUE KEY `name` (`name`);

--
-- Indexes for table `auth_group_permissions`
--
ALTER TABLE `auth_group_permissions`
  ADD PRIMARY KEY (`id`),
  ADD UNIQUE KEY `auth_group_permissions_group_id_permission_id_0cd325b0_uniq` (`group_id`,`permission_id`),
  ADD KEY `auth_group_permissio_permission_id_84c5c92e_fk_auth_perm` (`permission_id`);

--
-- Indexes for table `auth_permission`
--
ALTER TABLE `auth_permission`
  ADD PRIMARY KEY (`id`),
  ADD UNIQUE KEY `auth_permission_content_type_id_codename_01ab375a_uniq` (`content_type_id`,`codename`);

--
-- Indexes for table `auth_user`
--
ALTER TABLE `auth_user`
  ADD PRIMARY KEY (`id`),
  ADD UNIQUE KEY `username` (`username`);

--
-- Indexes for table `auth_user_groups`
--
ALTER TABLE `auth_user_groups`
  ADD PRIMARY KEY (`id`),
  ADD UNIQUE KEY `auth_user_groups_user_id_group_id_94350c0c_uniq` (`user_id`,`group_id`),
  ADD KEY `auth_user_groups_group_id_97559544_fk_auth_group_id` (`group_id`);

--
-- Indexes for table `auth_user_user_permissions`
--
ALTER TABLE `auth_user_user_permissions`
  ADD PRIMARY KEY (`id`),
  ADD UNIQUE KEY `auth_user_user_permissions_user_id_permission_id_14a6b632_uniq` (`user_id`,`permission_id`),
  ADD KEY `auth_user_user_permi_permission_id_1fbb5f2c_fk_auth_perm` (`permission_id`);

--
-- Indexes for table `django_admin_log`
--
ALTER TABLE `django_admin_log`
  ADD PRIMARY KEY (`id`),
  ADD KEY `django_admin_log_content_type_id_c4bce8eb_fk_django_co` (`content_type_id`),
  ADD KEY `django_admin_log_user_id_c564eba6_fk_auth_user_id` (`user_id`);

--
-- Indexes for table `django_content_type`
--
ALTER TABLE `django_content_type`
  ADD PRIMARY KEY (`id`),
  ADD UNIQUE KEY `django_content_type_app_label_model_76bd3d3b_uniq` (`app_label`,`model`);

--
-- Indexes for table `django_migrations`
--
ALTER TABLE `django_migrations`
  ADD PRIMARY KEY (`id`);

--
-- Indexes for table `django_session`
--
ALTER TABLE `django_session`
  ADD PRIMARY KEY (`session_key`),
  ADD KEY `django_session_expire_date_a5c62663` (`expire_date`);

--
-- Indexes for table `django_site`
--
ALTER TABLE `django_site`
  ADD PRIMARY KEY (`id`),
  ADD UNIQUE KEY `django_site_domain_a2e37b91_uniq` (`domain`);

--
-- Indexes for table `tbl_batchgroups`
--
ALTER TABLE `tbl_batchgroups`
  ADD PRIMARY KEY (`id`),
  ADD UNIQUE KEY `batchName` (`batchName`),
  ADD UNIQUE KEY `ranking` (`ranking`);

--
-- Indexes for table `tbl_deliveryroutes`
--
ALTER TABLE `tbl_deliveryroutes`
  ADD PRIMARY KEY (`id`),
  ADD UNIQUE KEY `routes` (`routes`);

--
-- Indexes for table `tbl_packaging`
--
ALTER TABLE `tbl_packaging`
  ADD PRIMARY KEY (`id`);

--
-- Indexes for table `tbl_processedstockamounts`
--
ALTER TABLE `tbl_processedstockamounts`
  ADD PRIMARY KEY (`id`),
  ADD KEY `tbl_processedStockAmounts_prodName_id_66b3746b` (`prodName_id`),
  ADD KEY `tbl_processedStockAm_time_id_50189866_fk_tbl_stock` (`time_id`),
  ADD KEY `tbl_processedStockAm_container_id_512a5f6a_fk_tbl_produ` (`container_id`);

--
-- Indexes for table `tbl_productbrands`
--
ALTER TABLE `tbl_productbrands`
  ADD PRIMARY KEY (`id`);

--
-- Indexes for table `tbl_productcontainernames`
--
ALTER TABLE `tbl_productcontainernames`
  ADD PRIMARY KEY (`id`);

--
-- Indexes for table `tbl_productcontainers`
--
ALTER TABLE `tbl_productcontainers`
  ADD PRIMARY KEY (`id`),
  ADD KEY `tbl_productcontainer_containernameid_id_06b5803e_fk_tbl_produ` (`containernameid_id`),
  ADD KEY `tbl_productcontainer_productid_id_60146960_fk_tbl_produ` (`productid_id`);

--
-- Indexes for table `tbl_productgroupnames`
--
ALTER TABLE `tbl_productgroupnames`
  ADD PRIMARY KEY (`id`);

--
-- Indexes for table `tbl_productgroups`
--
ALTER TABLE `tbl_productgroups`
  ADD PRIMARY KEY (`id`),
  ADD KEY `tbl_productgroups_groupnameid_id_6bfe3e77_fk_tbl_produ` (`groupnameid_id`),
  ADD KEY `tbl_productgroups_productid_id_2d522a15_fk_tbl_productlist_id` (`productid_id`);

--
-- Indexes for table `tbl_productlist`
--
ALTER TABLE `tbl_productlist`
  ADD PRIMARY KEY (`id`),
  ADD UNIQUE KEY `productID` (`productid`),
  ADD KEY `tbl_productlist_batchgroup_id_fcd8c7f7_fk_tbl_batchgroups_id` (`batchgroup_id`),
  ADD KEY `tbl_productlist_packaging_id_f74f9d17_fk_tbl_packaging_id` (`packaging_id`),
  ADD KEY `tbl_productlist_brand_id_e01c168b_fk_tbl_productbrands_id` (`brand_id`),
  ADD KEY `tbl_productlist_stocktakegroup_e5a97a3d_fk_tbl_batchgroups_id` (`stocktakegroup`);

--
-- Indexes for table `tbl_stocktakingtimes`
--
ALTER TABLE `tbl_stocktakingtimes`
  ADD PRIMARY KEY (`id`),
  ADD UNIQUE KEY `times` (`times`);

--
-- AUTO_INCREMENT for dumped tables
--

--
-- AUTO_INCREMENT for table `account_emailaddress`
--
ALTER TABLE `account_emailaddress`
  MODIFY `id` int(11) NOT NULL AUTO_INCREMENT, AUTO_INCREMENT=7;
--
-- AUTO_INCREMENT for table `account_emailconfirmation`
--
ALTER TABLE `account_emailconfirmation`
  MODIFY `id` int(11) NOT NULL AUTO_INCREMENT;
--
-- AUTO_INCREMENT for table `auth_group`
--
ALTER TABLE `auth_group`
  MODIFY `id` int(11) NOT NULL AUTO_INCREMENT, AUTO_INCREMENT=8;
--
-- AUTO_INCREMENT for table `auth_group_permissions`
--
ALTER TABLE `auth_group_permissions`
  MODIFY `id` int(11) NOT NULL AUTO_INCREMENT, AUTO_INCREMENT=21;
--
-- AUTO_INCREMENT for table `auth_permission`
--
ALTER TABLE `auth_permission`
  MODIFY `id` int(11) NOT NULL AUTO_INCREMENT, AUTO_INCREMENT=91;
--
-- AUTO_INCREMENT for table `auth_user`
--
ALTER TABLE `auth_user`
  MODIFY `id` int(11) NOT NULL AUTO_INCREMENT, AUTO_INCREMENT=25;
--
-- AUTO_INCREMENT for table `auth_user_groups`
--
ALTER TABLE `auth_user_groups`
  MODIFY `id` int(11) NOT NULL AUTO_INCREMENT, AUTO_INCREMENT=14;
--
-- AUTO_INCREMENT for table `auth_user_user_permissions`
--
ALTER TABLE `auth_user_user_permissions`
  MODIFY `id` int(11) NOT NULL AUTO_INCREMENT;
--
-- AUTO_INCREMENT for table `django_admin_log`
--
ALTER TABLE `django_admin_log`
  MODIFY `id` int(11) NOT NULL AUTO_INCREMENT, AUTO_INCREMENT=36;
--
-- AUTO_INCREMENT for table `django_content_type`
--
ALTER TABLE `django_content_type`
  MODIFY `id` int(11) NOT NULL AUTO_INCREMENT, AUTO_INCREMENT=31;
--
-- AUTO_INCREMENT for table `django_migrations`
--
ALTER TABLE `django_migrations`
  MODIFY `id` int(11) NOT NULL AUTO_INCREMENT, AUTO_INCREMENT=54;
--
-- AUTO_INCREMENT for table `django_site`
--
ALTER TABLE `django_site`
  MODIFY `id` int(11) NOT NULL AUTO_INCREMENT, AUTO_INCREMENT=2;
--
-- AUTO_INCREMENT for table `tbl_batchgroups`
--
ALTER TABLE `tbl_batchgroups`
  MODIFY `id` int(11) NOT NULL AUTO_INCREMENT, AUTO_INCREMENT=33;
--
-- AUTO_INCREMENT for table `tbl_deliveryroutes`
--
ALTER TABLE `tbl_deliveryroutes`
  MODIFY `id` int(11) NOT NULL AUTO_INCREMENT;
--
-- AUTO_INCREMENT for table `tbl_packaging`
--
ALTER TABLE `tbl_packaging`
  MODIFY `id` int(11) NOT NULL AUTO_INCREMENT, AUTO_INCREMENT=7;
--
-- AUTO_INCREMENT for table `tbl_processedstockamounts`
--
ALTER TABLE `tbl_processedstockamounts`
  MODIFY `id` int(11) NOT NULL AUTO_INCREMENT, AUTO_INCREMENT=41198;
--
-- AUTO_INCREMENT for table `tbl_productbrands`
--
ALTER TABLE `tbl_productbrands`
  MODIFY `id` int(11) NOT NULL AUTO_INCREMENT, AUTO_INCREMENT=10;
--
-- AUTO_INCREMENT for table `tbl_productcontainernames`
--
ALTER TABLE `tbl_productcontainernames`
  MODIFY `id` int(11) NOT NULL AUTO_INCREMENT, AUTO_INCREMENT=25;
--
-- AUTO_INCREMENT for table `tbl_productcontainers`
--
ALTER TABLE `tbl_productcontainers`
  MODIFY `id` int(11) NOT NULL AUTO_INCREMENT, AUTO_INCREMENT=340;
--
-- AUTO_INCREMENT for table `tbl_productgroupnames`
--
ALTER TABLE `tbl_productgroupnames`
  MODIFY `id` int(11) NOT NULL AUTO_INCREMENT, AUTO_INCREMENT=14;
--
-- AUTO_INCREMENT for table `tbl_productgroups`
--
ALTER TABLE `tbl_productgroups`
  MODIFY `id` int(11) NOT NULL AUTO_INCREMENT, AUTO_INCREMENT=249;
--
-- AUTO_INCREMENT for table `tbl_productlist`
--
ALTER TABLE `tbl_productlist`
  MODIFY `id` int(11) NOT NULL AUTO_INCREMENT, AUTO_INCREMENT=125;
--
-- AUTO_INCREMENT for table `tbl_stocktakingtimes`
--
ALTER TABLE `tbl_stocktakingtimes`
  MODIFY `id` int(11) NOT NULL AUTO_INCREMENT, AUTO_INCREMENT=5;
--
-- Constraints for dumped tables
--

--
-- Constraints for table `account_emailaddress`
--
ALTER TABLE `account_emailaddress`
  ADD CONSTRAINT `account_emailaddress_user_id_2c513194_fk_auth_user_id` FOREIGN KEY (`user_id`) REFERENCES `auth_user` (`id`);

--
-- Constraints for table `account_emailconfirmation`
--
ALTER TABLE `account_emailconfirmation`
  ADD CONSTRAINT `account_emailconfirm_email_address_id_5b7f8c58_fk_account_e` FOREIGN KEY (`email_address_id`) REFERENCES `account_emailaddress` (`id`);

--
-- Constraints for table `authtoken_token`
--
ALTER TABLE `authtoken_token`
  ADD CONSTRAINT `authtoken_token_user_id_35299eff_fk_auth_user_id` FOREIGN KEY (`user_id`) REFERENCES `auth_user` (`id`);

--
-- Constraints for table `auth_group_permissions`
--
ALTER TABLE `auth_group_permissions`
  ADD CONSTRAINT `auth_group_permissio_permission_id_84c5c92e_fk_auth_perm` FOREIGN KEY (`permission_id`) REFERENCES `auth_permission` (`id`),
  ADD CONSTRAINT `auth_group_permissions_group_id_b120cbf9_fk_auth_group_id` FOREIGN KEY (`group_id`) REFERENCES `auth_group` (`id`);

--
-- Constraints for table `auth_permission`
--
ALTER TABLE `auth_permission`
  ADD CONSTRAINT `auth_permission_content_type_id_2f476e4b_fk_django_co` FOREIGN KEY (`content_type_id`) REFERENCES `django_content_type` (`id`);

--
-- Constraints for table `auth_user_groups`
--
ALTER TABLE `auth_user_groups`
  ADD CONSTRAINT `auth_user_groups_group_id_97559544_fk_auth_group_id` FOREIGN KEY (`group_id`) REFERENCES `auth_group` (`id`),
  ADD CONSTRAINT `auth_user_groups_user_id_6a12ed8b_fk_auth_user_id` FOREIGN KEY (`user_id`) REFERENCES `auth_user` (`id`);

--
-- Constraints for table `auth_user_user_permissions`
--
ALTER TABLE `auth_user_user_permissions`
  ADD CONSTRAINT `auth_user_user_permi_permission_id_1fbb5f2c_fk_auth_perm` FOREIGN KEY (`permission_id`) REFERENCES `auth_permission` (`id`),
  ADD CONSTRAINT `auth_user_user_permissions_user_id_a95ead1b_fk_auth_user_id` FOREIGN KEY (`user_id`) REFERENCES `auth_user` (`id`);

--
-- Constraints for table `django_admin_log`
--
ALTER TABLE `django_admin_log`
  ADD CONSTRAINT `django_admin_log_content_type_id_c4bce8eb_fk_django_co` FOREIGN KEY (`content_type_id`) REFERENCES `django_content_type` (`id`),
  ADD CONSTRAINT `django_admin_log_user_id_c564eba6_fk_auth_user_id` FOREIGN KEY (`user_id`) REFERENCES `auth_user` (`id`);

--
-- Constraints for table `tbl_processedstockamounts`
--
ALTER TABLE `tbl_processedstockamounts`
  ADD CONSTRAINT `tbl_processedStockAm_container_id_512a5f6a_fk_tbl_produ` FOREIGN KEY (`container_id`) REFERENCES `tbl_productcontainernames` (`id`),
  ADD CONSTRAINT `tbl_processedStockAm_prodName_id_66b3746b_fk_tbl_produ` FOREIGN KEY (`prodName_id`) REFERENCES `tbl_productlist` (`id`),
  ADD CONSTRAINT `tbl_processedStockAm_time_id_50189866_fk_tbl_stock` FOREIGN KEY (`time_id`) REFERENCES `tbl_stocktakingtimes` (`id`);

--
-- Constraints for table `tbl_productcontainers`
--
ALTER TABLE `tbl_productcontainers`
  ADD CONSTRAINT `tbl_productcontainer_containernameid_id_06b5803e_fk_tbl_produ` FOREIGN KEY (`containernameid_id`) REFERENCES `tbl_productcontainernames` (`id`),
  ADD CONSTRAINT `tbl_productcontainer_productid_id_60146960_fk_tbl_produ` FOREIGN KEY (`productid_id`) REFERENCES `tbl_productlist` (`id`);

--
-- Constraints for table `tbl_productgroups`
--
ALTER TABLE `tbl_productgroups`
  ADD CONSTRAINT `tbl_productgroups_groupnameid_id_6bfe3e77_fk_tbl_produ` FOREIGN KEY (`groupnameid_id`) REFERENCES `tbl_productgroupnames` (`id`),
  ADD CONSTRAINT `tbl_productgroups_productid_id_2d522a15_fk_tbl_productlist_id` FOREIGN KEY (`productid_id`) REFERENCES `tbl_productlist` (`id`);

--
-- Constraints for table `tbl_productlist`
--
ALTER TABLE `tbl_productlist`
  ADD CONSTRAINT `tbl_productlist_batchgroup_id_fcd8c7f7_fk_tbl_batchgroups_id` FOREIGN KEY (`batchgroup_id`) REFERENCES `tbl_batchgroups` (`id`),
  ADD CONSTRAINT `tbl_productlist_brand_id_e01c168b_fk_tbl_productbrands_id` FOREIGN KEY (`brand_id`) REFERENCES `tbl_productbrands` (`id`),
  ADD CONSTRAINT `tbl_productlist_packaging_id_f74f9d17_fk_tbl_packaging_id` FOREIGN KEY (`packaging_id`) REFERENCES `tbl_packaging` (`id`),
  ADD CONSTRAINT `tbl_productlist_stocktakegroup_e5a97a3d_fk_tbl_batchgroups_id` FOREIGN KEY (`stocktakegroup`) REFERENCES `tbl_batchgroups` (`id`);

/*!40101 SET CHARACTER_SET_CLIENT=@OLD_CHARACTER_SET_CLIENT */;
/*!40101 SET CHARACTER_SET_RESULTS=@OLD_CHARACTER_SET_RESULTS */;
/*!40101 SET COLLATION_CONNECTION=@OLD_COLLATION_CONNECTION */;
